blockNumber,timeStamp,hash,nonce,blockHash,transactionIndex,from,to,value,gas,gasPrice,isError,txreceipt_status,input,contractAddress,cumulativeGasUsed,gasUsed,confirmations,methodId,functionName
11957404,1614669314,0x1463287421f3f821db5b8b0cc457a266e914d3522a756f1426cc6861e078c4d2,90,0xa39daff84dd0f2f931f7a7620e5dfe3404143af8cf8b0330c8cb187813489497,7,0x3781e57863f00a2ebf77a8a7e47987c46474c9c9,0x23156749a0acefc8f07b9954d181d50084c1519e,83357773285553446335,21000,150000000000,0,1,0x,,363584,21000,13473362,0x,
11957408,1614669360,0xce4399bc207b1ae7f93b0fd5d6c17a76ed671b5fe595996f5da5a39e17fbdefb,48,0x1e753f52226f6419a42c8dc0f3625a32e82689b13ad262e9a754f9adbd80ed03,22,0x820a7a97dd146fd97f79881afdf4767624973368,0x23156749a0acefc8f07b9954d181d50084c1519e,64412388164890106177,21000,150000000000,0,1,0x,,1140617,21000,13473358,0x,
11957410,1614669387,0x0d1b7efe9044ef96a91b43d3489ce47bb86174370644c75baf19c3f04e069bdc,101,0xa1c2ec07dd329c860f4b07710fd49caf04ca11357048fa20d7b4fde43bc97a7f,2,0xf519e276958c3ef2dffd9b6b2d87d26859526505,0x23156749a0acefc8f07b9954d181d50084c1519e,163109878008191052346,21000,150000000000,0,1,0x,,248219,21000,13473356,0x,
11957412,1614669412,0xdc3c9b6270f86f127bebb5a0a34b70629a871be01d12c8e2bdedc5bd0472bc6a,57,0xe7df5ab57dc52701a4b8de82800d65d17816ece941d746ee1e5fe3cb8e4ee1e6,13,0x443e285a20e5f1df69e9db8bca8402c176524eb6,0x23156749a0acefc8f07b9954d181d50084c1519e,105996552316600973227,21000,150000000000,0,1,0x,,1412224,21000,13473354,0x,
11957885,1614675476,0xbbdaa7a16513e5c138bf9fb7d0063d63277c2b69728f0de8b2ce532a923abcec,119,0x2b371674fc4f38669d2591b5c54bc002c9800b59b6b53f9d4ced9fa5e27a1ca8,30,0xbe5e1ba665d397d5304f0f546cead0a1e44f242d,0x23156749a0acefc8f07b9954d181d50084c1519e,173741599562786149937,21000,150000000000,0,1,0x,,1709511,21000,13472881,0x,
11964495,1614764168,0x113141c7c108168d500df3738d62c4214760a60c20f64c97c07e71c5fd289c86,0,0x76978f65affae4a02d393eea784628504610887a8790766d016a5f6893fc4a70,13,0x23156749a0acefc8f07b9954d181d50084c1519e,0x905b63fff465b9ffbf41dea908ceb12478ec7601,100000000000000000000,1200000,150000000000,0,1,0x13d98d13000000000000000000000000a160cdab225685da1d56aa342ad8841c3b53f29122d409bdc34e3451402c4eabd2b8ccb1a67dedc7275340cf4f175d7c8587b85a00000000000000000000000000000000000000000000000000000000000000600000000000000000000000000000000000000000000000000000000000000000,,1480136,1018988,13466271,0x13d98d13,"deposit(address _tornado, bytes32 _commitment, bytes _encryptedNote)"
11964506,1614764255,0x1968186e80c7c9d931b66f2b38f9815f4fa78a4d863f0ddd2dcbbf07f59ada1e,1,0x8ea3a9d7932c910c8b0e0c3db2ebf6978c76af6afbbab32e8c34c5912131d810,18,0x23156749a0acefc8f07b9954d181d50084c1519e,0x905b63fff465b9ffbf41dea908ceb12478ec7601,100000000000000000000,1200000,150000000000,0,1,0x13d98d13000000000000000000000000a160cdab225685da1d56aa342ad8841c3b53f2910b38e7f8d7f2a3d1d91a0f1a92fcc3a8482ac2f3cd693f1ad4b523d6cc94a57e00000000000000000000000000000000000000000000000000000000000000600000000000000000000000000000000000000000000000000000000000000000,,1982006,1013080,13466260,0x13d98d13,"deposit(address _tornado, bytes32 _commitment, bytes _encryptedNote)"
11964508,1614764334,0x4d944ef57f87756ff0fd89a7a8a36d4aa038975644bbbc5e290befe0350e438d,2,0x8b3a97428f2973509f0b8a9090426c3cd43fc344fd9d92b114ee9c09219682df,7,0x23156749a0acefc8f07b9954d181d50084c1519e,0x905b63fff465b9ffbf41dea908ceb12478ec7601,100000000000000000000,1200000,150000000000,0,1,0x13d98d13000000000000000000000000a160cdab225685da1d56aa342ad8841c3b53f2912ed60bb76f503953501531e2ac303a85a76ee824392103bcc7160ab7429ac58800000000000000000000000000000000000000000000000000000000000000600000000000000000000000000000000000000000000000000000000000000000,,1580696,1018988,13466258,0x13d98d13,"deposit(address _tornado, bytes32 _commitment, bytes _encryptedNote)"
11964514,1614764474,0x43784fe46718bc01b3603a40b84e7cf1a4d7633a80962d6bf2f15fc85a99af0d,3,0xd73b83a188eab7d7f26993a2b656eed43c4cc86fd90b0cc1205ec0ccc53dd983,5,0x23156749a0acefc8f07b9954d181d50084c1519e,0x905b63fff465b9ffbf41dea908ceb12478ec7601,100000000000000000000,1200000,150000000000,0,1,0x13d98d13000000000000000000000000a160cdab225685da1d56aa342ad8841c3b53f291057726c1fce1b3b2dd2d99c41c43ad1627ec687880a7e917dd4c82800ffea83300000000000000000000000000000000000000000000000000000000000000600000000000000000000000000000000000000000000000000000000000000000,,1413031,1013080,13466252,0x13d98d13,"deposit(address _tornado, bytes32 _commitment, bytes _encryptedNote)"
11964517,1614764506,0x828a522894776d318d9aa5967c656c5206c00fdbc053a8bb8678d4180b34b679,4,0x3fade463b669c08a48116d1e6238b787413bf7c291636c56510135ac72a5ab37,13,0x23156749a0acefc8f07b9954d181d50084c1519e,0x905b63fff465b9ffbf41dea908ceb12478ec7601,100000000000000000000,1200000,150000000000,0,1,0x13d98d13000000000000000000000000a160cdab225685da1d56aa342ad8841c3b53f291156bd4e17b460d1e33dac9eb8eb0b8837085f245c919d3973b029f00e7a0842a00000000000000000000000000000000000000000000000000000000000000600000000000000000000000000000000000000000000000000000000000000000,,1371521,1013068,13466249,0x13d98d13,"deposit(address _tornado, bytes32 _commitment, bytes _encryptedNote)"
11964574,1614765255,0xfbd9a7ca329ca7969a822fe6cc07f866309cd7daf838d3c8d962a0e99f53a713,122,0x6d13155beeedcb8863c759380bff6d335b6ccc27a28e141a3f9b9f50fd569570,24,0x1a98fcebebfea4ffbd0d5bf5e4650d71344f52ab,0x23156749a0acefc8f07b9954d181d50084c1519e,166758854665822282860,21000,150000000000,0,1,0x,,1448907,21000,13466192,0x,
11964592,1614765418,0xd94eafb33345c114ab56dd4dfed9d4fa41e19b4c59a1fd7e827ab415c3d387c7,5,0x82879cee1e724827e8d98a375c7f788bed78bf5c88a4c64ad39181b76423debf,18,0x23156749a0acefc8f07b9954d181d50084c1519e,0x905b63fff465b9ffbf41dea908ceb12478ec7601,100000000000000000000,1200000,150000000000,0,1,0x13d98d13000000000000000000000000a160cdab225685da1d56aa342ad8841c3b53f291226b2be741367ff4a1a4458cc5795dc6e6cde1dfaa61bf6ac7388c4dd9c473cb00000000000000000000000000000000000000000000000000000000000000600000000000000000000000000000000000000000000000000000000000000000,,2306029,1007172,13466174,0x13d98d13,"deposit(address _tornado, bytes32 _commitment, bytes _encryptedNote)"
11964594,1614765447,0x7676869f662d78a28227c95eeb71bfaea7964e9e406f3902311698481e30e7a8,6,0x85364eae55cb04cdd28f9411c278993c29c434e7c3dbcc8f0d7f26a8fd7392c9,27,0x23156749a0acefc8f07b9954d181d50084c1519e,0x905b63fff465b9ffbf41dea908ceb12478ec7601,100000000000000000000,1200000,150000000000,0,1,0x13d98d13000000000000000000000000a160cdab225685da1d56aa342ad8841c3b53f29119ae9e7ef18aa62a696539b46a00b644193b6e3be482870d6ef9835067af101500000000000000000000000000000000000000000000000000000000000000600000000000000000000000000000000000000000000000000000000000000000,,2253443,1013068,13466172,0x13d98d13,"deposit(address _tornado, bytes32 _commitment, bytes _encryptedNote)"
11964708,1614766938,0x46155386725478577f2ade39fe59318380503d03ca73525a5d4148df917095e7,145,0x91d39c6cd73a2ec62c996faaec89d76a14576b24ea7f232be90ee526a0f4c999,67,0x54459d826a727393134c929ad1f4bc1e16f6f021,0x23156749a0acefc8f07b9954d181d50084c1519e,190399903402240337590,21000,150000000000,0,1,0x,,3073467,21000,13466058,0x,
11965094,1614772163,0x3f697354efa98b34cd5eac4f222f45bcc14b90c8ffcb9232490894f8215d3085,176,0x2ae16ba66318dd41fc92b06ca77f969635e64ce5e7bbb6d05174b7b32d405870,20,0x34a17418cec67b82d08cf77a987941f99dc87c6b,0x23156749a0acefc8f07b9954d181d50084c1519e,273926064046036151057,21000,150000000000,0,1,0x,,1417290,21000,13465672,0x,
11965111,1614772375,0x99438abfd651e0c4971ae4d9f0c11d038a2aedb777094e26df0099262a88465d,7,0x5e5bac79f203b9baae46cf1561e07dad24ed534ba96f87dadb170cd77dc4ae74,20,0x23156749a0acefc8f07b9954d181d50084c1519e,0x905b63fff465b9ffbf41dea908ceb12478ec7601,100000000000000000000,1200000,150000000000,0,1,0x13d98d13000000000000000000000000a160cdab225685da1d56aa342ad8841c3b53f29128bdc89f2aec0c5dfeb0804b42bfa4bde1eb34c8386f2b691c7e3b8ac99982ba00000000000000000000000000000000000000000000000000000000000000600000000000000000000000000000000000000000000000000000000000000000,,1940902,1007172,13465655,0x13d98d13,"deposit(address _tornado, bytes32 _commitment, bytes _encryptedNote)"
11965111,1614772375,0x513c93d0a5ba475f1bf99246c2aa2d068c3e4f5d230c43b4aaa3d75846f8724c,8,0x5e5bac79f203b9baae46cf1561e07dad24ed534ba96f87dadb170cd77dc4ae74,21,0x23156749a0acefc8f07b9954d181d50084c1519e,0x905b63fff465b9ffbf41dea908ceb12478ec7601,100000000000000000000,1200000,150000000000,0,1,0x13d98d13000000000000000000000000a160cdab225685da1d56aa342ad8841c3b53f2911abdafc0d5c59c5117f509046e839c246e3ebaaa9d4aee452ae03e735d78f77700000000000000000000000000000000000000000000000000000000000000600000000000000000000000000000000000000000000000000000000000000000,,2948074,1007172,13465655,0x13d98d13,"deposit(address _tornado, bytes32 _commitment, bytes _encryptedNote)"
11965115,1614772411,0x54020c6582edf4a0d8bd0e4d04a1db26c2c3745959935d504c1d79c6e4e71a94,9,0xfc7ec2d87183bbd4710d0736a2aa28751ee40eb71452fc5252719cd76be2858a,3,0x23156749a0acefc8f07b9954d181d50084c1519e,0x905b63fff465b9ffbf41dea908ceb12478ec7601,100000000000000000000,1200000,150000000000,0,1,0x13d98d13000000000000000000000000a160cdab225685da1d56aa342ad8841c3b53f29106829208162232965aec98f96f3b445f3df65ff96f312c406bd381b986913d4b00000000000000000000000000000000000000000000000000000000000000600000000000000000000000000000000000000000000000000000000000000000,,1138990,1001264,13465651,0x13d98d13,"deposit(address _tornado, bytes32 _commitment, bytes _encryptedNote)"
11965116,1614772417,0xe824cf5ae5e41d08dddfa0db3f258f4a07f9d1b151135084ad6ea75ad0101d58,10,0xfee4594bfa28eb62edce418f5881a483ba83c0a771024d59a69e7e3340d689bf,9,0x23156749a0acefc8f07b9954d181d50084c1519e,0x905b63fff465b9ffbf41dea908ceb12478ec7601,100000000000000000000,1200000,150000000000,0,1,0x13d98d13000000000000000000000000a160cdab225685da1d56aa342ad8841c3b53f291086fa1cf82b0732290f2c1906f02f33d0a43150feb8fe0b596f53aff24ecb8b200000000000000000000000000000000000000000000000000000000000000600000000000000000000000000000000000000000000000000000000000000000,,1545606,1036712,13465650,0x13d98d13,"deposit(address _tornado, bytes32 _commitment, bytes _encryptedNote)"
11965116,1614772417,0x0a1823f99c86ca0122fb5b1560c2dcfdac97b9c4832de66f4efe72f4cf382107,11,0xfee4594bfa28eb62edce418f5881a483ba83c0a771024d59a69e7e3340d689bf,16,0x23156749a0acefc8f07b9954d181d50084c1519e,0x905b63fff465b9ffbf41dea908ceb12478ec7601,100000000000000000000,1200000,150000000000,0,1,0x13d98d13000000000000000000000000a160cdab225685da1d56aa342ad8841c3b53f2912f093acbdea2516476b80423a70107dfa75b3c98b70606a14e350b2584e4cd7600000000000000000000000000000000000000000000000000000000000000600000000000000000000000000000000000000000000000000000000000000000,,2942443,1030804,13465650,0x13d98d13,"deposit(address _tornado, bytes32 _commitment, bytes _encryptedNote)"
11965119,1614772475,0xee894837fcc43ee2dd86f50d151cb451491d4bfd652816a20e212d5947b59969,12,0xb6a90bdd284a5b106656d48c8133f62f71c23bdd2eced9b066eea78bfccfddd2,24,0x23156749a0acefc8f07b9954d181d50084c1519e,0x905b63fff465b9ffbf41dea908ceb12478ec7601,10000000000000000000,1200000,150000000000,0,1,0x13d98d13000000000000000000000000910cbd523d972eb0a6f4cae4618ad62622b39dbf0c905d6eff25e376c74b5bed067911b7f8522cf5a945a8a776f3717df7e72dc100000000000000000000000000000000000000000000000000000000000000600000000000000000000000000000000000000000000000000000000000000000,,2248579,989448,13465647,0x13d98d13,"deposit(address _tornado, bytes32 _commitment, bytes _encryptedNote)"
11965304,1614774859,0xbddef23c72f9d663413f78417b014cc882f1bcd5ea43b055621f7ba6c240275a,135,0xe579f6378a5f69ec490af0c72ac37603376e6d92d705bb02895487c576575336,14,0x82e6b31b0fe94925b9cd1473d05894c86f277398,0x23156749a0acefc8f07b9954d181d50084c1519e,452488950000000000,21000,150000000000,0,1,0x,,897457,21000,13465462,0x,
11965309,1614774915,0x200fd55f3c3284e20eef58907622f4e315d9a592b1a5be3bd5a89ba99a95b1e5,13,0x4aa4b1f05872118c203f27ce54f3ccf9830a9d6c232260b396a63e29474ed49f,39,0x23156749a0acefc8f07b9954d181d50084c1519e,0x905b63fff465b9ffbf41dea908ceb12478ec7601,10000000000000000000,1200000,150000000000,0,1,0x13d98d13000000000000000000000000910cbd523d972eb0a6f4cae4618ad62622b39dbf28fb6d9d768f1a8c569274a91c3b8f1cb669ad3b9398431d40256a2f9ab4d0e500000000000000000000000000000000000000000000000000000000000000600000000000000000000000000000000000000000000000000000000000000000,,2918475,1001264,13465457,0x13d98d13,"deposit(address _tornado, bytes32 _commitment, bytes _encryptedNote)"
11965316,1614775043,0xbe71b69e8af92854f54dfdb703ffa00768725d485c8b4e2c0880bf1efb67062e,14,0xf7e2a203f35258d9f9daca7b015237fcb65f8b07975f683799a4c5980782b397,25,0x23156749a0acefc8f07b9954d181d50084c1519e,0x82e6b31b0fe94925b9cd1473d05894c86f277398,26660402120499529,21000,150000000000,0,1,0x,,2067412,21000,13465450,0x,
