blockNumber,transactionIndex,timeStamp,hash,from,to,value,contractAddress,input,type,gas,gasUsed,traceId,isError,errCode
10951224,9,1601299508,0x03e5c3f478eca01c447aa2db088f662894de8e83c5a334f41701af601dd1020b,0x7a250d5630b4cf539739df2c5dacb4c659f2488d,0x710da7a06b0c66a18fed27dfa53d937c69ed3b2c,2741372120463924183,,,call,17209,0,4,0,
10951237,9,1601299729,0x8ebd21b42e899eeccd537a02412da7ac6cccda4b51c4a2152a91e76fa6e2b750,0x7a250d5630b4cf539739df2c5dacb4c659f2488d,0x710da7a06b0c66a18fed27dfa53d937c69ed3b2c,24676310107895644286,,,call,16030,0,4,0,
10951246,9,1601299815,0x00c161d0b0fd147d799162dd811ada19db07559e25906347ae71acb23212551c,0x7a250d5630b4cf539739df2c5dacb4c659f2488d,0x710da7a06b0c66a18fed27dfa53d937c69ed3b2c,27418932083064041259,,,call,17213,0,4,0,
10969346,9,1601544363,0x557d27f52d83af8d4bb97a9e6403b58fb8829764b9ead059c1db03e5832c5034,0x7a250d5630b4cf539739df2c5dacb4c659f2488d,0x710da7a06b0c66a18fed27dfa53d937c69ed3b2c,2317021899675912892,,,call,17278,0,4,0,
10969362,9,1601544607,0x2afcee1fffe3453bd946a370ede132ff29fc5671fa12901098aa07fc0907de57,0x7a250d5630b4cf539739df2c5dacb4c659f2488d,0x710da7a06b0c66a18fed27dfa53d937c69ed3b2c,4492220769908843690,,,call,17278,0,4,0,
10969365,9,1601544658,0x7a5b52e5df185f459adc9290f13e1e38ea8899716b4272eb0dfe1b913c6ed5fa,0x7a250d5630b4cf539739df2c5dacb4c659f2488d,0x710da7a06b0c66a18fed27dfa53d937c69ed3b2c,4472710114093984949,,,call,17278,0,4,0,
10969368,9,1601544743,0xc69dd806da8005b125398b5acb8517256ca1261651673b4bb632ae14ad7d24e8,0x7a250d5630b4cf539739df2c5dacb4c659f2488d,0x710da7a06b0c66a18fed27dfa53d937c69ed3b2c,4488076195390169291,,,call,17278,0,4,0,
10969369,9,1601544763,0x0aad46bdc535216abd0b9c2d53c6d8f0f8f6ee9f34b6d74421e5a4c064ebccbb,0x7a250d5630b4cf539739df2c5dacb4c659f2488d,0x710da7a06b0c66a18fed27dfa53d937c69ed3b2c,4483242009555317467,,,call,29106,0,4,0,
10969371,9,1601544795,0x1610ecc5fd5524891e009ab115a947b90bce7046f8aee710a95df8b9aa3c079d,0x7a250d5630b4cf539739df2c5dacb4c659f2488d,0x710da7a06b0c66a18fed27dfa53d937c69ed3b2c,4483781539615124526,,,call,4267,0,4,0,
10969385,9,1601545101,0x3e7d5ddfbb9e879065c05bb46a8ffd2874bf339b544484672e43712b9fd16718,0x7a250d5630b4cf539739df2c5dacb4c659f2488d,0x710da7a06b0c66a18fed27dfa53d937c69ed3b2c,4484299291362714812,,,call,17278,0,4,0,
10969411,9,1601545443,0x6848513385985e35884bad2a3158625164f42940626668a51ba766a3f1c0e446,0x7a250d5630b4cf539739df2c5dacb4c659f2488d,0x710da7a06b0c66a18fed27dfa53d937c69ed3b2c,4469962316112340404,,,call,17278,0,4,0,
10969426,9,1601545602,0x83f6ca8a8a9cd84ea02e90c71f32ed1d3ff56013e684009b0d9ce7bc7a4750cb,0x7a250d5630b4cf539739df2c5dacb4c659f2488d,0x710da7a06b0c66a18fed27dfa53d937c69ed3b2c,4453371620197809460,,,call,17278,0,4,0,
10969431,9,1601545642,0x985ab3c7463ff681865fba2a1ccaf4006769e21699287741339336cc40a0cb89,0x7a250d5630b4cf539739df2c5dacb4c659f2488d,0x710da7a06b0c66a18fed27dfa53d937c69ed3b2c,4445605401783787679,,,call,17278,0,4,0,
10969436,9,1601545710,0xd8bd3330de496e36d376b3a7b12e2f876ca4cd70caf2c540b99f4d20731f9519,0x7a250d5630b4cf539739df2c5dacb4c659f2488d,0x710da7a06b0c66a18fed27dfa53d937c69ed3b2c,4495151813364269643,,,call,17278,0,4,0,
10969453,9,1601545884,0x0873f79516a8f12db9e47cdb5917a55ef28eeb2239658b3e9090d7500f605801,0x7a250d5630b4cf539739df2c5dacb4c659f2488d,0x710da7a06b0c66a18fed27dfa53d937c69ed3b2c,4495058271875774256,,,call,17278,0,4,0,
10969458,9,1601545948,0xb65e17c75a18e1154b0f824e6043fd218c3a1ae5aa36f66b3f54b7c244a13147,0x7a250d5630b4cf539739df2c5dacb4c659f2488d,0x710da7a06b0c66a18fed27dfa53d937c69ed3b2c,4481668812970196460,,,call,17278,0,4,0,
10969462,9,1601546114,0xb33badd914211b095f611a8a8cebc0dce5ce441d1b4df15d9fb9700f99114e92,0x7a250d5630b4cf539739df2c5dacb4c659f2488d,0x710da7a06b0c66a18fed27dfa53d937c69ed3b2c,4464918962559874791,,,call,4267,0,4,0,
10969464,9,1601546164,0xc7c3ad822a044f807771b83ae7bb4bb44158615d9d98d49a8afea3028a5b7acc,0x7a250d5630b4cf539739df2c5dacb4c659f2488d,0x710da7a06b0c66a18fed27dfa53d937c69ed3b2c,4450680831081642359,,,call,4267,0,4,0,
10969470,9,1601546246,0x8764acfa7749b4becb00533de5731e89f48e2a521674c69ad391bd814e34c18f,0x7a250d5630b4cf539739df2c5dacb4c659f2488d,0x710da7a06b0c66a18fed27dfa53d937c69ed3b2c,4512850185004219615,,,call,17278,0,4,0,
10969493,9,1601546475,0x6774d80358f0c5629fcd0bb77c6ad61b94d31056ddd1d54dd3bb31f48a67fa43,0x7a250d5630b4cf539739df2c5dacb4c659f2488d,0x710da7a06b0c66a18fed27dfa53d937c69ed3b2c,4477209223179487511,,,call,17278,0,4,0,
10969498,9,1601546528,0x22a5e18615aaa9a5d812688cd8a8d77e56bec4cf06a9075510c531e7b0d5e068,0x7a250d5630b4cf539739df2c5dacb4c659f2488d,0x710da7a06b0c66a18fed27dfa53d937c69ed3b2c,4454944596683389504,,,call,17278,0,4,0,
10969501,9,1601546577,0xc9d788b64f45706a97cf813558cd2316b17de6cb1663863c4f371b7f3d7f45b2,0x7a250d5630b4cf539739df2c5dacb4c659f2488d,0x710da7a06b0c66a18fed27dfa53d937c69ed3b2c,4454999319572564128,,,call,17278,0,4,0,
10969517,9,1601546730,0xe59ef44a3d469800f3d8dbe053fde48d075c2e51efe6492988321ad2108fb234,0x7a250d5630b4cf539739df2c5dacb4c659f2488d,0x710da7a06b0c66a18fed27dfa53d937c69ed3b2c,4436248599460494185,,,call,17278,0,4,0,
10969525,9,1601546795,0xc8c8f4990bc63c6e90a7747ced2d40c66d89539e5b95c941e245ba99e5324494,0x7a250d5630b4cf539739df2c5dacb4c659f2488d,0x710da7a06b0c66a18fed27dfa53d937c69ed3b2c,4422152390721955734,,,call,17278,0,4,0,
10969542,9,1601547068,0xe986bda5cb9c39c3c5d04466a4959f37de343c2c0f1812c73bb4141f7c07651b,0x7a250d5630b4cf539739df2c5dacb4c659f2488d,0x710da7a06b0c66a18fed27dfa53d937c69ed3b2c,4425135085299163198,,,call,17278,0,4,0,
10969547,9,1601547098,0xa3f974e5d4ea142218719b582cb40c9d747ada92a6dee8579259ec22b9d3098c,0x7a250d5630b4cf539739df2c5dacb4c659f2488d,0x710da7a06b0c66a18fed27dfa53d937c69ed3b2c,4463192122442675945,,,call,17278,0,4,0,
10969553,9,1601547172,0x6a3a97008c11f3cd8b1b7078509762c228e06ca1a447726d31b7ae4eb1f40ea1,0x7a250d5630b4cf539739df2c5dacb4c659f2488d,0x710da7a06b0c66a18fed27dfa53d937c69ed3b2c,4444100091642262275,,,call,17278,0,4,0,
10969578,9,1601547538,0xb8a6a4b73f72320d23120a5f88f49710cef5211cea65428209316b853a43df00,0x7a250d5630b4cf539739df2c5dacb4c659f2488d,0x710da7a06b0c66a18fed27dfa53d937c69ed3b2c,4446408353905576362,,,call,17278,0,4,0,
10970253,9,1601556739,0xd3c90f0c43eddf19a3898cd500ae792c8c18815eb468d6f7c875976e10f4173c,0x7a250d5630b4cf539739df2c5dacb4c659f2488d,0x710da7a06b0c66a18fed27dfa53d937c69ed3b2c,4524396275479517769,,,call,17278,0,4,0,
10970265,9,1601556829,0x1c12f9560aea4ac30fd220aea1a3bcbcb6c2db03dea3cd371ae6b534fd175790,0x7a250d5630b4cf539739df2c5dacb4c659f2488d,0x710da7a06b0c66a18fed27dfa53d937c69ed3b2c,4500108855549968481,,,call,17278,0,4,0,
10970268,9,1601556884,0x72a8aecb31ad8041b92c244d8f9226bbe34e5d7c28b2876d86ead4fbf539ae40,0x7a250d5630b4cf539739df2c5dacb4c659f2488d,0x710da7a06b0c66a18fed27dfa53d937c69ed3b2c,4479457180980633453,,,call,4267,0,4,0,
10970274,9,1601556953,0xa3e9433f3576f5e62a90d09db1e48766d07d6d6e223d70b519de8a8f9ba7e539,0x7a250d5630b4cf539739df2c5dacb4c659f2488d,0x710da7a06b0c66a18fed27dfa53d937c69ed3b2c,4472864956196487181,,,call,4267,0,4,0,
10970282,9,1601557060,0x6c8303d9c1c346bb39ae7b0263096427282c7679f145292e6410cfe8a001d058,0x7a250d5630b4cf539739df2c5dacb4c659f2488d,0x710da7a06b0c66a18fed27dfa53d937c69ed3b2c,4473820859940979804,,,call,17278,0,4,0,
10970292,9,1601557160,0x8c9579f4975ec7fce5c1bf38ea041324f42f3ce55ddc85b9a40c1ba4c7a9ac55,0x7a250d5630b4cf539739df2c5dacb4c659f2488d,0x710da7a06b0c66a18fed27dfa53d937c69ed3b2c,4474738318844976682,,,call,17278,0,4,0,
10970298,9,1601557235,0xb3ed5f16dfc712e2aefd65f51ad01ddeab1d4b37744f11ee6c37535ef13b6bad,0x7a250d5630b4cf539739df2c5dacb4c659f2488d,0x710da7a06b0c66a18fed27dfa53d937c69ed3b2c,4455167834440089476,,,call,17278,0,4,0,
10970304,9,1601557395,0x2ff151ccbfa0054ea3e8fd0e77526b2b3fbc32787236ba40d12769ce7aaedc47,0x7a250d5630b4cf539739df2c5dacb4c659f2488d,0x710da7a06b0c66a18fed27dfa53d937c69ed3b2c,4456832736617822037,,,call,17278,0,4,0,
10970310,9,1601557479,0x2cb0d5acff6da2642ea2a1f5e53d35295fba9d20187a16358bad9378b79b902c,0x7a250d5630b4cf539739df2c5dacb4c659f2488d,0x710da7a06b0c66a18fed27dfa53d937c69ed3b2c,4458430941398908091,,,call,17278,0,4,0,
10970314,9,1601557519,0x4f00d42831d9371d8c769f5cbbd592268b41809471d398901caa6c1c51556676,0x7a250d5630b4cf539739df2c5dacb4c659f2488d,0x710da7a06b0c66a18fed27dfa53d937c69ed3b2c,4440828884761070913,,,call,17278,0,4,0,
10970317,9,1601557577,0x4ae791cdfd699cdc4af1e9dc36bbacd788a76b7abeff9f538d19df31b9c94222,0x7a250d5630b4cf539739df2c5dacb4c659f2488d,0x710da7a06b0c66a18fed27dfa53d937c69ed3b2c,4431308552419401545,,,call,17278,0,4,0,
10970322,9,1601557670,0xb0c3ae693a13ac8c018f7be9f33974720158ce6075b1e127dd781dfddfc9ea54,0x7a250d5630b4cf539739df2c5dacb4c659f2488d,0x710da7a06b0c66a18fed27dfa53d937c69ed3b2c,4492244256829068731,,,call,4267,0,4,0,
10970330,9,1601557747,0x4a94ba004f0287c7f6b2c0f45b0f6eadd5d3ae8e5b5e60062b4ff46dbf83515a,0x7a250d5630b4cf539739df2c5dacb4c659f2488d,0x710da7a06b0c66a18fed27dfa53d937c69ed3b2c,4426251178579831814,,,call,4267,0,4,0,
10970334,9,1601557792,0x3d9dbd3c6d948aaf79c3fb4a94475950b8e37986f91cf324e8a99a36780ad485,0x7a250d5630b4cf539739df2c5dacb4c659f2488d,0x710da7a06b0c66a18fed27dfa53d937c69ed3b2c,4408729891119155293,,,call,17278,0,4,0,
10970336,9,1601557866,0x9277cdfee7b4219e6a886719f599054a6fe3160024007ceba96a15d6c5ea6649,0x7a250d5630b4cf539739df2c5dacb4c659f2488d,0x710da7a06b0c66a18fed27dfa53d937c69ed3b2c,4416756915586264496,,,call,4267,0,4,0,
10970360,9,1601558105,0xbcac310c7ce2f8ed120f0bc4b7619b0a73893bc8019b9d79cf6e8f7b151a57ae,0x7a250d5630b4cf539739df2c5dacb4c659f2488d,0x710da7a06b0c66a18fed27dfa53d937c69ed3b2c,4479966371634919030,,,call,17278,0,4,0,
10970365,9,1601558258,0x7a8df1062972ff50090e0f0a0708ef2ba202310160a29196f26250817cd81e90,0x7a250d5630b4cf539739df2c5dacb4c659f2488d,0x710da7a06b0c66a18fed27dfa53d937c69ed3b2c,4480636406036341765,,,call,17278,0,4,0,
10970370,9,1601558309,0xe66db19524efe06fbb6057554c2006826d23b5c3c547f9e76a635a0284498d07,0x7a250d5630b4cf539739df2c5dacb4c659f2488d,0x710da7a06b0c66a18fed27dfa53d937c69ed3b2c,4105779818097562901,,,call,17278,0,4,0,
10970381,9,1601558408,0x6b1c66dfc7a982c8d0aaa91caa6150ae1847ae6fbcf338e5f5b9e0f493cba524,0x7a250d5630b4cf539739df2c5dacb4c659f2488d,0x710da7a06b0c66a18fed27dfa53d937c69ed3b2c,4396242816179474794,,,call,17278,0,4,0,
10970387,9,1601558494,0x7199131bdf0670f9f88d9cb79fdf380b941958c3340a48fdd4aa2c0ba16b6f34,0x7a250d5630b4cf539739df2c5dacb4c659f2488d,0x710da7a06b0c66a18fed27dfa53d937c69ed3b2c,4442010341790071228,,,call,29106,0,4,0,
10970391,9,1601558509,0xcac70958bb09ad265e2ed7ca52aeef44a84b52852e3081bca94331de2ef0d885,0x7a250d5630b4cf539739df2c5dacb4c659f2488d,0x710da7a06b0c66a18fed27dfa53d937c69ed3b2c,4410821191808806261,,,call,4267,0,4,0,
10970404,9,1601558633,0x43ff3981bfb554cb45f61e88a4acc958d8e30465aee8f27333ba3abbfc825a34,0x7a250d5630b4cf539739df2c5dacb4c659f2488d,0x710da7a06b0c66a18fed27dfa53d937c69ed3b2c,4354741154136745626,,,call,17278,0,4,0,
10970409,9,1601558736,0x3d859e70cabbf91a863f998a37d3dbb47b2bb239dc1bbc353e309370785c3117,0x7a250d5630b4cf539739df2c5dacb4c659f2488d,0x710da7a06b0c66a18fed27dfa53d937c69ed3b2c,4340266286485347385,,,call,17278,0,4,0,
10970417,9,1601558783,0xd98b7b59950f5b8da1ac1e94db752fafcbd9a6c3f6ac24310ce477cd4d29eb5a,0x7a250d5630b4cf539739df2c5dacb4c659f2488d,0x710da7a06b0c66a18fed27dfa53d937c69ed3b2c,4481493997261695813,,,call,17278,0,4,0,
10970424,9,1601558862,0x8b7c2cf0f9b86bdb534d426e39774a6956af973449e21c0b2abf6c96678df371,0x7a250d5630b4cf539739df2c5dacb4c659f2488d,0x710da7a06b0c66a18fed27dfa53d937c69ed3b2c,4360692070989694995,,,call,17278,0,4,0,
10970429,9,1601558905,0x7058897c79c1596832469058bde2181122804ab4d613888655951dfe870caf43,0x7a250d5630b4cf539739df2c5dacb4c659f2488d,0x710da7a06b0c66a18fed27dfa53d937c69ed3b2c,4419095073760602873,,,call,17278,0,4,0,
10970434,9,1601558986,0x7e39fa42399ae2ff794d26997608d33fa26a26bb523283e70c165732fdb92294,0x7a250d5630b4cf539739df2c5dacb4c659f2488d,0x710da7a06b0c66a18fed27dfa53d937c69ed3b2c,4420015887850781124,,,call,17278,0,4,0,
10970442,9,1601559136,0x8512efd7fe01912eb485aab893fbfc4656276b509fcd00feafad3000b94ee9c0,0x7a250d5630b4cf539739df2c5dacb4c659f2488d,0x710da7a06b0c66a18fed27dfa53d937c69ed3b2c,4423061975142282449,,,call,17278,0,4,0,
10970449,9,1601559227,0xedf2902ed84996897e28059068a00777c398676172f9f256b7e20e8a6aef3f19,0x7a250d5630b4cf539739df2c5dacb4c659f2488d,0x710da7a06b0c66a18fed27dfa53d937c69ed3b2c,4420012581317054161,,,call,17278,0,4,0,
10970459,9,1601559335,0xb77d137bb7e67526e3c221da7444a48cf6959694550c670c493bdf416103a79e,0x7a250d5630b4cf539739df2c5dacb4c659f2488d,0x710da7a06b0c66a18fed27dfa53d937c69ed3b2c,4420009092094598220,,,call,17278,0,4,0,
10970462,9,1601559372,0x14b3ea4f5183b70fb2db317583fe66e154c22c84a98ca546d9e48c42ecf9d07c,0x7a250d5630b4cf539739df2c5dacb4c659f2488d,0x710da7a06b0c66a18fed27dfa53d937c69ed3b2c,4415578605625698402,,,call,4267,0,4,0,
10970465,9,1601559391,0xc3eaf03bd851c5b3d4d4dbe5a014c92141095d1f6656e2c1321a7b22bd74a659,0x7a250d5630b4cf539739df2c5dacb4c659f2488d,0x710da7a06b0c66a18fed27dfa53d937c69ed3b2c,4415559103029630162,,,call,4267,0,4,0,
10970466,9,1601559401,0x89500a89d99a83180f25773c51579d2ec3a94cdeb6c2559d25fb3c521c6e0969,0x7a250d5630b4cf539739df2c5dacb4c659f2488d,0x710da7a06b0c66a18fed27dfa53d937c69ed3b2c,4415569327995513732,,,call,17278,0,4,0,
10970470,9,1601559435,0x03eae5b1b19c286e56576c23cdc85128d60b6fd65e0e0689e27450a6ca5f093c,0x7a250d5630b4cf539739df2c5dacb4c659f2488d,0x710da7a06b0c66a18fed27dfa53d937c69ed3b2c,4415591571854111873,,,call,17278,0,4,0,
10970472,9,1601559453,0x7ba50a714c6072992cdb324501c7028bf408500d0a7217c8d20f62de99b950d6,0x7a250d5630b4cf539739df2c5dacb4c659f2488d,0x710da7a06b0c66a18fed27dfa53d937c69ed3b2c,4415598682209882595,,,call,17278,0,4,0,
10970474,9,1601559486,0x840110e63cecb0142aecc1e54434b6d9c7b2b4b57370a1bb88a152a1783ece56,0x7a250d5630b4cf539739df2c5dacb4c659f2488d,0x710da7a06b0c66a18fed27dfa53d937c69ed3b2c,4415581081311490061,,,call,17278,0,4,0,
10970474,9,1601559486,0xa4a10b7f69f57bd28531c156e205779da0986082f7963e5a4d22bce812099549,0x7a250d5630b4cf539739df2c5dacb4c659f2488d,0x710da7a06b0c66a18fed27dfa53d937c69ed3b2c,4415564180322758804,,,call,16096,0,4,0,
10970479,9,1601559545,0x1d359de739594db5e52724ebd886f5f18b598df4deca95b22d80d0d2e95c8c8f,0x7a250d5630b4cf539739df2c5dacb4c659f2488d,0x710da7a06b0c66a18fed27dfa53d937c69ed3b2c,4415576865672793723,,,call,17278,0,4,0,
10970479,9,1601559545,0x254572b0f26d11e1662deb6817a7f17280409de4c6968bf6b2b80e539d943dbc,0x7a250d5630b4cf539739df2c5dacb4c659f2488d,0x710da7a06b0c66a18fed27dfa53d937c69ed3b2c,4415631994768692993,,,call,29106,0,4,0,
10970480,9,1601559553,0xe42bd394271aa24f7119011b6966f095397811ccc455f7cfa25f51bdd819d937,0x7a250d5630b4cf539739df2c5dacb4c659f2488d,0x710da7a06b0c66a18fed27dfa53d937c69ed3b2c,4415684931100117618,,,call,17278,0,4,0,
10970497,9,1601559760,0xa2d7f6d7931db01bd4edb345072c18ba94448b7466071247172ce7c3a8341011,0x7a250d5630b4cf539739df2c5dacb4c659f2488d,0x710da7a06b0c66a18fed27dfa53d937c69ed3b2c,4462908661923758356,,,call,17278,0,4,0,
10970504,9,1601559851,0xbdcba9042f23997c1882116249b5e7f765b96b42c5f2f2ca1c5cd0a018b19513,0x7a250d5630b4cf539739df2c5dacb4c659f2488d,0x710da7a06b0c66a18fed27dfa53d937c69ed3b2c,4384827539136404609,,,call,17278,0,4,0,
10970507,9,1601559935,0xb7fd47ccfd125025f6a76182ef4c49bb8f1f84458e934b4dead0cf646b96d721,0x7a250d5630b4cf539739df2c5dacb4c659f2488d,0x710da7a06b0c66a18fed27dfa53d937c69ed3b2c,4369142576836464060,,,call,4267,0,4,0,
10970511,9,1601559971,0x3b4206398dcd6f250a91fd0c1e29f212f45f90ba6d524ba300c143ab05a5603e,0x7a250d5630b4cf539739df2c5dacb4c659f2488d,0x710da7a06b0c66a18fed27dfa53d937c69ed3b2c,4383509532139255814,,,call,17278,0,4,0,
10970515,9,1601560087,0xd7899c060b8ab6312131254d7f598237f0ff1491838c021d996fbe144e947c04,0x7a250d5630b4cf539739df2c5dacb4c659f2488d,0x710da7a06b0c66a18fed27dfa53d937c69ed3b2c,4387984996964899718,,,call,17278,0,4,0,
10970521,9,1601560175,0x1d3dfca6f0e4903c3841abb45fea53cc2ceece7c04198e03ef7a9a089d32db76,0x7a250d5630b4cf539739df2c5dacb4c659f2488d,0x710da7a06b0c66a18fed27dfa53d937c69ed3b2c,4392285211149749129,,,call,17278,0,4,0,
10970525,9,1601560230,0xce05c532d69e91640760c44304b249e59b11b327ab614f73ae61ee1a7cb97aff,0x7a250d5630b4cf539739df2c5dacb4c659f2488d,0x710da7a06b0c66a18fed27dfa53d937c69ed3b2c,4396416882669347677,,,call,4267,0,4,0,
10970534,9,1601560320,0x7b16d3e32d7c00215979d298df9ef60cf1ee11279e0e3f611f2d45587649df04,0x7a250d5630b4cf539739df2c5dacb4c659f2488d,0x710da7a06b0c66a18fed27dfa53d937c69ed3b2c,4411299287677411971,,,call,17278,0,4,0,
10970617,9,1601561635,0x70f480a5e32b0c188b9014f09b3d1f200394f2c31143f96c4c4f147418d6c4dc,0x7a250d5630b4cf539739df2c5dacb4c659f2488d,0x710da7a06b0c66a18fed27dfa53d937c69ed3b2c,4411153556749546789,,,call,17278,0,4,0,
10970622,9,1601561755,0x3fca3fece14e34e765585e003cf19d3d59bb559376d0e02a10dc38babb111ea8,0x7a250d5630b4cf539739df2c5dacb4c659f2488d,0x710da7a06b0c66a18fed27dfa53d937c69ed3b2c,4414544313692639426,,,call,17278,0,4,0,
10970627,9,1601561843,0x696e4567add347e3b25b36ae44731927eb4deec17a89352342ce1aeb5976a7e2,0x7a250d5630b4cf539739df2c5dacb4c659f2488d,0x710da7a06b0c66a18fed27dfa53d937c69ed3b2c,4417801535262764106,,,call,17278,0,4,0,
10970629,9,1601561868,0x7b562f81aa56f9eb6e1c158647ed16ed5e69c24dd315fc5879f541a9a5f91f6d,0x7a250d5630b4cf539739df2c5dacb4c659f2488d,0x710da7a06b0c66a18fed27dfa53d937c69ed3b2c,4397935765212739998,,,call,4267,0,4,0,
10970637,9,1601561969,0xfcb7e7c5a29325215c5aab98c1889bfa5cd5147ade7c3ef482d209dc3c8d93c0,0x7a250d5630b4cf539739df2c5dacb4c659f2488d,0x710da7a06b0c66a18fed27dfa53d937c69ed3b2c,4384142653435767486,,,call,17278,0,4,0,
10970648,9,1601562130,0xc7df3b21b8aa28a40ed90f4a1c3704ca5b7524e07c6c2c4f0f2071a5683bef3b,0x7a250d5630b4cf539739df2c5dacb4c659f2488d,0x710da7a06b0c66a18fed27dfa53d937c69ed3b2c,4407940472824718048,,,call,17278,0,4,0,
10970650,9,1601562167,0x3aba8bad7cc42a686b13a0c76a29242a5f69d8d10e9d4d0a2b31cbdb1dd8fb15,0x7a250d5630b4cf539739df2c5dacb4c659f2488d,0x710da7a06b0c66a18fed27dfa53d937c69ed3b2c,4411456455500750405,,,call,29106,0,4,0,
10970654,9,1601562238,0x3b70f88cb4df04e4dbc2bccc6793d0035f51428f77930d0a703433e0744ddf59,0x7a250d5630b4cf539739df2c5dacb4c659f2488d,0x710da7a06b0c66a18fed27dfa53d937c69ed3b2c,4383473657017775631,,,call,4267,0,4,0,
10970658,9,1601562344,0xe2422b186003a9674a896839f139a779bac5afb1891a441d5273d87ef491c460,0x7a250d5630b4cf539739df2c5dacb4c659f2488d,0x710da7a06b0c66a18fed27dfa53d937c69ed3b2c,4407292009034609373,,,call,17278,0,4,0,
10970662,9,1601562406,0x461509039fdf3204b063f002262ffe32089d25de64aafca01cbcc54bf13ea107,0x7a250d5630b4cf539739df2c5dacb4c659f2488d,0x710da7a06b0c66a18fed27dfa53d937c69ed3b2c,4410832829116858621,,,call,17277,0,4,0,
10970668,9,1601562489,0x3926d5265f2ec015205d5958e3c4a30010c91cb5c2d30a873f609706cf839414,0x7a250d5630b4cf539739df2c5dacb4c659f2488d,0x710da7a06b0c66a18fed27dfa53d937c69ed3b2c,4393132186250422909,,,call,17277,0,4,0,
10970675,9,1601562634,0xbc78bf57028d2025fff30938b84b9185452fcfd236782009bb1ea56fa20ea7e4,0x7a250d5630b4cf539739df2c5dacb4c659f2488d,0x710da7a06b0c66a18fed27dfa53d937c69ed3b2c,4379367421667382517,,,call,17278,0,4,0,
10970685,9,1601562761,0xf574b690634ec4c52c9dedf41a9b273d7e21f920ffd12876000ce463fdbd9d15,0x7a250d5630b4cf539739df2c5dacb4c659f2488d,0x710da7a06b0c66a18fed27dfa53d937c69ed3b2c,4424660296195129429,,,call,4267,0,4,0,
10970690,9,1601562838,0x483e107170cfe8a82113a5eccb2c88d1810a5edab19f0908978a493a50907fea,0x7a250d5630b4cf539739df2c5dacb4c659f2488d,0x710da7a06b0c66a18fed27dfa53d937c69ed3b2c,4424641608308169967,,,call,4267,0,4,0,
10970736,9,1601563611,0x5e3e25a288689c94d5f834ab3cb704cab11f098bdd8e155ce31150d1305aeb1c,0x7a250d5630b4cf539739df2c5dacb4c659f2488d,0x710da7a06b0c66a18fed27dfa53d937c69ed3b2c,4406922562464203003,,,call,17278,0,4,0,
10970739,9,1601563669,0x42a0b61b28d1923c04d43603c9a02618e33326e1b35c034971a216f86dda471a,0x7a250d5630b4cf539739df2c5dacb4c659f2488d,0x710da7a06b0c66a18fed27dfa53d937c69ed3b2c,4410476627156072249,,,call,4267,0,4,0,
10970758,9,1601563874,0x171f02e356b296ada8fb7944a5d04389a4123cfb30121b7fe41a9d0bb59479e4,0x7a250d5630b4cf539739df2c5dacb4c659f2488d,0x710da7a06b0c66a18fed27dfa53d937c69ed3b2c,4487819453870449969,,,call,17278,0,4,0,
10970762,9,1601563922,0xaaa212afc4fbef35ce61fbdd7a9074feabb526333667cfe06224434d028f829d,0x7a250d5630b4cf539739df2c5dacb4c659f2488d,0x710da7a06b0c66a18fed27dfa53d937c69ed3b2c,4310196310647682956,,,call,17278,0,4,0,
10970766,9,1601563951,0xa8ba63e3845f37d2e54941014061fa59f38fa53475a0e40af5da7f03d8532abf,0x7a250d5630b4cf539739df2c5dacb4c659f2488d,0x710da7a06b0c66a18fed27dfa53d937c69ed3b2c,4327486907802367938,,,call,17278,0,4,0,
10970796,9,1601564333,0xc550b172b1ebb3c10a57c7f9b8d2f457c000ca3b0ca227e27bfe3f6ca53d6425,0x7a250d5630b4cf539739df2c5dacb4c659f2488d,0x710da7a06b0c66a18fed27dfa53d937c69ed3b2c,4353344984239386706,,,call,17278,0,4,0,
10970805,9,1601564422,0xa7e71dfeae4fcc8c852994504bdca7322a111920220629eb0d7fbfc5c01ecc00,0x7a250d5630b4cf539739df2c5dacb4c659f2488d,0x710da7a06b0c66a18fed27dfa53d937c69ed3b2c,4378255909195198621,,,call,17278,0,4,0,
10970812,9,1601564507,0x29220f8d9b9e2a860654f12ea749d785aa4ec2fba715b3793239b4ff83aa948e,0x7a250d5630b4cf539739df2c5dacb4c659f2488d,0x710da7a06b0c66a18fed27dfa53d937c69ed3b2c,4382929682009111070,,,call,17278,0,4,0,
10970827,9,1601564613,0x0a2507944cbfd6de783380669ab56287e0c6e03022f588093a675336f35a3720,0x7a250d5630b4cf539739df2c5dacb4c659f2488d,0x710da7a06b0c66a18fed27dfa53d937c69ed3b2c,4384591336545656063,,,call,17278,0,4,0,
10970833,9,1601564713,0x216918846bf609bf26f29b2f9763d7403494f1d88d073f1ce4756abe5ba79e1e,0x7a250d5630b4cf539739df2c5dacb4c659f2488d,0x710da7a06b0c66a18fed27dfa53d937c69ed3b2c,4389017467160601071,,,call,17278,0,4,0,
10970839,9,1601564757,0xab84e22d4508e7d57d537a306c5e76ce75f97ec8c58469345e01e3ea23669791,0x7a250d5630b4cf539739df2c5dacb4c659f2488d,0x710da7a06b0c66a18fed27dfa53d937c69ed3b2c,4393270513639616155,,,call,17278,0,4,0,
10970845,9,1601564817,0x8e2c12ea3780cb672d86d87cba502c41103a38b80ecd22846ebc666105f8620e,0x7a250d5630b4cf539739df2c5dacb4c659f2488d,0x710da7a06b0c66a18fed27dfa53d937c69ed3b2c,4402445281173937904,,,call,17278,0,4,0,
10970849,9,1601564877,0x45e859df6fce45d5f91f9efa3e0a5c61c9e3f2b9e75ed98f429223d63e7da869,0x7a250d5630b4cf539739df2c5dacb4c659f2488d,0x710da7a06b0c66a18fed27dfa53d937c69ed3b2c,4402437373799273181,,,call,17278,0,4,0,
10970854,9,1601565001,0x66b773fe912049f482a3987d57aeeb8f89ce6db317567dce4ed20f00f6b2952c,0x7a250d5630b4cf539739df2c5dacb4c659f2488d,0x710da7a06b0c66a18fed27dfa53d937c69ed3b2c,4402442653140666939,,,call,4267,0,4,0,
10970860,9,1601565025,0xd235eb335028c4f7b06ffabaf01f1e4f7b6ef397538fd9bb732329d3517b3196,0x7a250d5630b4cf539739df2c5dacb4c659f2488d,0x710da7a06b0c66a18fed27dfa53d937c69ed3b2c,4389058138417981727,,,call,17278,0,4,0,
10970863,9,1601565098,0xbe21e25cca4920181d082920a24032e27e5acf13df8c7032a3758ede4412b9fe,0x7a250d5630b4cf539739df2c5dacb4c659f2488d,0x710da7a06b0c66a18fed27dfa53d937c69ed3b2c,4393308344051791054,,,call,4267,0,4,0,
10970867,9,1601565118,0x9094465112ee72bf598ca40c2e649177a22cc0689af9d9982797778fba917851,0x7a250d5630b4cf539739df2c5dacb4c659f2488d,0x710da7a06b0c66a18fed27dfa53d937c69ed3b2c,4369007910122790624,,,call,17278,0,4,0,
10970871,9,1601565200,0x5cca4cec5e0a6c6f5cf9e95f5c7bde094a3fdc9a41e86741b473dffdc4ed3867,0x7a250d5630b4cf539739df2c5dacb4c659f2488d,0x710da7a06b0c66a18fed27dfa53d937c69ed3b2c,4374038823355723928,,,call,17278,0,4,0,
10970877,9,1601565287,0x44e143c966ce952e97b3dbfbdabf54406d8efdc46ed0075c65acdbaadff40d88,0x7a250d5630b4cf539739df2c5dacb4c659f2488d,0x710da7a06b0c66a18fed27dfa53d937c69ed3b2c,4360380778214510503,,,call,17278,0,4,0,
10970880,9,1601565316,0x08f3127963fcedd1624054870e488af973ea123ae5cd1a5834ed036b5b2fc3e7,0x7a250d5630b4cf539739df2c5dacb4c659f2488d,0x710da7a06b0c66a18fed27dfa53d937c69ed3b2c,4346787393815164306,,,call,17278,0,4,0,
10970883,9,1601565371,0xff96671aad7242c8a697be157bb707e1fd75ef43b20499965ace91c0c2a46419,0x7a250d5630b4cf539739df2c5dacb4c659f2488d,0x710da7a06b0c66a18fed27dfa53d937c69ed3b2c,4363577360699885501,,,call,17278,0,4,0,
10970886,9,1601565398,0x2b8b8d07b5f5c0a21af01a3927747833368f668bb22fa765548b8d6525802c80,0x7a250d5630b4cf539739df2c5dacb4c659f2488d,0x710da7a06b0c66a18fed27dfa53d937c69ed3b2c,4368818029704588576,,,call,17278,0,4,0,
10970894,9,1601565552,0xb9b76f0b7a78e88c4b24f1d727d2e92693b3c00ecf85540bb0db7dcb4e4e0013,0x7a250d5630b4cf539739df2c5dacb4c659f2488d,0x710da7a06b0c66a18fed27dfa53d937c69ed3b2c,4353829469697284282,,,call,17278,0,4,0,
10970902,9,1601565627,0x846959a008464fa231c6edd1326c8d382e5c462a3f54c2a595f3b16d09bc48ed,0x7a250d5630b4cf539739df2c5dacb4c659f2488d,0x710da7a06b0c66a18fed27dfa53d937c69ed3b2c,4340269908290983001,,,call,17278,0,4,0,
10970906,9,1601565664,0xdd16b5031db78a7f56e6df7be18e8fa75918dcc865baf35f499df905cb7ced84,0x7a250d5630b4cf539739df2c5dacb4c659f2488d,0x710da7a06b0c66a18fed27dfa53d937c69ed3b2c,4405382828662340504,,,call,17278,0,4,0,
10970915,9,1601565802,0x2df33c1780fe1379182fe7b85696d2f3099fc2e390e6fd637ac2985209e790b1,0x7a250d5630b4cf539739df2c5dacb4c659f2488d,0x710da7a06b0c66a18fed27dfa53d937c69ed3b2c,4384647870514599054,,,call,17278,0,4,0,
10970918,9,1601565816,0xedd2ad683b651e91ac904a479996ce02357a1d2bd4f2ac1bcfaabf7b9e6a7b73,0x7a250d5630b4cf539739df2c5dacb4c659f2488d,0x710da7a06b0c66a18fed27dfa53d937c69ed3b2c,4370946699766407653,,,call,4267,0,4,0,
10970922,9,1601565911,0x1080355b80dd3b4ac50aab527d12b895f59640b177ed822d048854c5045d9409,0x7a250d5630b4cf539739df2c5dacb4c659f2488d,0x710da7a06b0c66a18fed27dfa53d937c69ed3b2c,4375899319935480550,,,call,17278,0,4,0,
10970928,9,1601566009,0x4a5ba0770a0600ee9861c248431911f2da63ab91a57a508dad19d3ba49e03ac6,0x7a250d5630b4cf539739df2c5dacb4c659f2488d,0x710da7a06b0c66a18fed27dfa53d937c69ed3b2c,4380242220882189776,,,call,17278,0,4,0,
10970932,9,1601566106,0x86adb3f339a62050eca27df0ba769b64a2f0ea2da6165e548c1b81403e04953f,0x7a250d5630b4cf539739df2c5dacb4c659f2488d,0x710da7a06b0c66a18fed27dfa53d937c69ed3b2c,4384832615327121162,,,call,4267,0,4,0,
10970940,9,1601566168,0x25716d8df8955985a2666ceeadc5cab8921e658a5ebf54851e2f02ad6577d155,0x7a250d5630b4cf539739df2c5dacb4c659f2488d,0x710da7a06b0c66a18fed27dfa53d937c69ed3b2c,4389243883042764148,,,call,17278,0,4,0,
10970949,9,1601566248,0x701d6c7b5b86f4874a45a46e76bee9c272db3a8873f332d0d3438ef46cb8e228,0x7a250d5630b4cf539739df2c5dacb4c659f2488d,0x710da7a06b0c66a18fed27dfa53d937c69ed3b2c,4393482851381658352,,,call,17278,0,4,0,
10970957,9,1601566341,0xa5604580bff447a7108f190170e8c9d2fc27e08cf1b3987e882b12c102dddb2b,0x7a250d5630b4cf539739df2c5dacb4c659f2488d,0x710da7a06b0c66a18fed27dfa53d937c69ed3b2c,4377489396662444087,,,call,17278,0,4,0,
10970962,9,1601566382,0x0dcc1aa04c6925467108f8da60b1559cd59a3a04805bcb1fec2c05b7810e3829,0x7a250d5630b4cf539739df2c5dacb4c659f2488d,0x710da7a06b0c66a18fed27dfa53d937c69ed3b2c,4382185864679143082,,,call,17278,0,4,0,
10970969,9,1601566446,0xb75d6cc9506a46efb051eabc86736f411030fdfa02695245a557fc0935a2ae16,0x7a250d5630b4cf539739df2c5dacb4c659f2488d,0x710da7a06b0c66a18fed27dfa53d937c69ed3b2c,4364353732021820369,,,call,17278,0,4,0,
10970974,9,1601566516,0xec5189cd10385ccca6661c155f2a83d053c96d31d20179b704b210f581b2db5b,0x7a250d5630b4cf539739df2c5dacb4c659f2488d,0x710da7a06b0c66a18fed27dfa53d937c69ed3b2c,4369554797965315119,,,call,17278,0,4,0,
10970981,9,1601566596,0xf16944875dc8860dcf9702987d86832421946f3edeaaf806a1a623adce7cf3e6,0x7a250d5630b4cf539739df2c5dacb4c659f2488d,0x710da7a06b0c66a18fed27dfa53d937c69ed3b2c,4374553885976805488,,,call,17278,0,4,0,
10970998,9,1601566820,0x6ebe03644968c270aa57878b9cc11eb036b416ac38fc91af54637a82db156e48,0x7a250d5630b4cf539739df2c5dacb4c659f2488d,0x710da7a06b0c66a18fed27dfa53d937c69ed3b2c,4359358380448220628,,,call,17278,0,4,0,
10971003,9,1601566890,0x0515b57a872594cd924598912e4093165e27e12a87db3c82870d99d894907468,0x7a250d5630b4cf539739df2c5dacb4c659f2488d,0x710da7a06b0c66a18fed27dfa53d937c69ed3b2c,4424140572882285472,,,call,17278,0,4,0,
10971008,9,1601567009,0xb3231d6b592eaafc80c7d8debfb4f934e197d96f135fd5992fc88ccffd362ba6,0x7a250d5630b4cf539739df2c5dacb4c659f2488d,0x710da7a06b0c66a18fed27dfa53d937c69ed3b2c,4250784213449577712,,,call,17278,0,4,0,
10971012,9,1601567083,0x5d16b22f4475549d2a629041d3f6877ac29f27db887b18975d674f5a7583abe9,0x7a250d5630b4cf539739df2c5dacb4c659f2488d,0x710da7a06b0c66a18fed27dfa53d937c69ed3b2c,4337727416779248502,,,call,17278,0,4,0,
10971018,9,1601567147,0xf3414a54e546df41f6d8d67af5d81238f1f11f36c17a2ae4bdfb69e83d9dd3a3,0x7a250d5630b4cf539739df2c5dacb4c659f2488d,0x710da7a06b0c66a18fed27dfa53d937c69ed3b2c,4362645135806731767,,,call,17278,0,4,0,
10971021,9,1601567208,0x9d2042fd93e84959197ebf5c31185add353c176bdfd8f1fddbce9e4fe6905038,0x7a250d5630b4cf539739df2c5dacb4c659f2488d,0x710da7a06b0c66a18fed27dfa53d937c69ed3b2c,6327827612503514842,,,call,17278,0,4,0,
10971028,9,1601567263,0xb68af8df3d458c29325f7ed6db68f6c9cc687d215a63a10fd03fe012fc75633e,0x7a250d5630b4cf539739df2c5dacb4c659f2488d,0x710da7a06b0c66a18fed27dfa53d937c69ed3b2c,6394006895203464045,,,call,17278,0,4,0,
10971031,9,1601567319,0x13618c56de4e197b12294ff3ecc2c55439a174e1c168d88464b12cfd46af2773,0x7a250d5630b4cf539739df2c5dacb4c659f2488d,0x710da7a06b0c66a18fed27dfa53d937c69ed3b2c,6461060457734897035,,,call,4267,0,4,0,
10971035,9,1601567387,0x77c61c5fa9fd6d740440ab0bca16bbf85c7221dc78134c47b43bf68897bab00f,0x7a250d5630b4cf539739df2c5dacb4c659f2488d,0x710da7a06b0c66a18fed27dfa53d937c69ed3b2c,6460120923401733736,,,call,17278,0,4,0,
10971045,9,1601567572,0x43d6f93e033f7473a7fbf8ab1098ecd5942a9613b1a77e2245563fe98dd0d70b,0x7a250d5630b4cf539739df2c5dacb4c659f2488d,0x710da7a06b0c66a18fed27dfa53d937c69ed3b2c,6566267304100346773,,,call,17277,0,4,0,
10971052,9,1601567620,0x4edc81edb61a06e043452c4c1c109ab01a02d8082db89962bacb243b16a84d33,0x7a250d5630b4cf539739df2c5dacb4c659f2488d,0x710da7a06b0c66a18fed27dfa53d937c69ed3b2c,6497007706710404634,,,call,17277,0,4,0,
10971058,9,1601567696,0xde91a13f66087aae9d6eff7114dad7e2b80ab17bf8b16955fa6896dbf7c7607b,0x7a250d5630b4cf539739df2c5dacb4c659f2488d,0x710da7a06b0c66a18fed27dfa53d937c69ed3b2c,6486558637276352470,,,call,17277,0,4,0,
10971061,9,1601567743,0x06c780a85c3e1adecb983147201c7a4f555fb0333cb7420af8e5334c80d192ef,0x7a250d5630b4cf539739df2c5dacb4c659f2488d,0x710da7a06b0c66a18fed27dfa53d937c69ed3b2c,6431364442900403741,,,call,4266,0,4,0,
10971080,9,1601567998,0x70f3c9291b8085e032fd889d8d9c0e1f2a902337de311aa8e5f883897455ed2a,0x7a250d5630b4cf539739df2c5dacb4c659f2488d,0x710da7a06b0c66a18fed27dfa53d937c69ed3b2c,6460262305391943566,,,call,17277,0,4,0,
10971094,9,1601568171,0x75c7344335e17fe59bdd0e46c4d0c192e5eacaaf90e45486bf76caffc43d0d9b,0x7a250d5630b4cf539739df2c5dacb4c659f2488d,0x710da7a06b0c66a18fed27dfa53d937c69ed3b2c,6395817838680744325,,,call,4267,0,4,0,
10971178,9,1601569228,0xd95df91ad53efbae8bc0267c7f7c459a26fee0fddc5558a4db0cd668489fd25f,0x7a250d5630b4cf539739df2c5dacb4c659f2488d,0x710da7a06b0c66a18fed27dfa53d937c69ed3b2c,6396430623318752108,,,call,17278,0,4,0,
10971196,9,1601569408,0xa2ff39376614fe1f0c25af7d64cd28b8101bc22c778ca1d467c13236b17da841,0x7a250d5630b4cf539739df2c5dacb4c659f2488d,0x710da7a06b0c66a18fed27dfa53d937c69ed3b2c,6032971699355481540,,,call,17278,0,4,0,
10971205,9,1601569536,0x4c41f3c9f31ca8fa040b5edfdb329948a58f594742f6bd64a820fcd85f73b751,0x7a250d5630b4cf539739df2c5dacb4c659f2488d,0x710da7a06b0c66a18fed27dfa53d937c69ed3b2c,6034295559999796265,,,call,17278,0,4,0,
10971244,9,1601570165,0x08f1230614f67da02dae0e617439148298dabf064474609643095c6df2510205,0x7a250d5630b4cf539739df2c5dacb4c659f2488d,0x710da7a06b0c66a18fed27dfa53d937c69ed3b2c,4024653981407043879,,,call,17278,0,4,0,
10971249,9,1601570213,0x7b3adcff1aed488ffd7d60675225fb972fa7d825290898e5effd4943d3726d35,0x7a250d5630b4cf539739df2c5dacb4c659f2488d,0x710da7a06b0c66a18fed27dfa53d937c69ed3b2c,6146005169334644566,,,call,17278,0,4,0,
10971280,9,1601570612,0xb11a0b5b0c3046741f420784295b67ecccc961323a14a4221ab529cbb9bda69f,0x7a250d5630b4cf539739df2c5dacb4c659f2488d,0x710da7a06b0c66a18fed27dfa53d937c69ed3b2c,6108660725367218758,,,call,17278,0,4,0,
10971285,9,1601570677,0x4114dccaa5600577c8bce87448fa4afaa43fc32a0fd8f848a1cfc8385e9f36e7,0x7a250d5630b4cf539739df2c5dacb4c659f2488d,0x710da7a06b0c66a18fed27dfa53d937c69ed3b2c,6045530596262763279,,,call,4267,0,4,0,
10971306,9,1601570912,0x4365f70647e96c74131ad508047fa551c037546847da8a4f7d4eff441a54e856,0x7a250d5630b4cf539739df2c5dacb4c659f2488d,0x710da7a06b0c66a18fed27dfa53d937c69ed3b2c,6152806782605938336,,,call,17278,0,4,0,
10971315,9,1601571033,0x61e84508617d4b3503fe3fea31302a33d24ed4bfb88027ee7c666926a1e44425,0x7a250d5630b4cf539739df2c5dacb4c659f2488d,0x710da7a06b0c66a18fed27dfa53d937c69ed3b2c,6059543806843444216,,,call,4267,0,4,0,
10971323,9,1601571156,0x754745ca091f6d01bccac1015c193a2a446ab6c60a3c38d1d8394579a3bd1a7d,0x7a250d5630b4cf539739df2c5dacb4c659f2488d,0x710da7a06b0c66a18fed27dfa53d937c69ed3b2c,4037663747650231901,,,call,17278,0,4,0,
10971329,9,1601571234,0x2f9254dbeb7966d4d74dc6bfa8e643f27702279305abcdfcec9332aece51a9d1,0x7a250d5630b4cf539739df2c5dacb4c659f2488d,0x710da7a06b0c66a18fed27dfa53d937c69ed3b2c,6374553457704938135,,,call,17278,0,4,0,
10971339,9,1601571327,0x1d72c8b7c8418adc7721e527c3f6906481d13ecf14f5bed95a3cc0bc94b1ccb3,0x7a250d5630b4cf539739df2c5dacb4c659f2488d,0x710da7a06b0c66a18fed27dfa53d937c69ed3b2c,6013210601707883095,,,call,17278,0,4,0,
10971343,9,1601571387,0x88527965e191dfb7b606f0cf14176fe0e11abfba00173da1dbed9b52fc17b805,0x7a250d5630b4cf539739df2c5dacb4c659f2488d,0x710da7a06b0c66a18fed27dfa53d937c69ed3b2c,6006939510339078616,,,call,17278,0,4,0,
10971352,9,1601571465,0x4cd9b932d4284a94354751d5f1213e29aa28f4e83a9d454fcc00b29c7f21dd54,0x7a250d5630b4cf539739df2c5dacb4c659f2488d,0x710da7a06b0c66a18fed27dfa53d937c69ed3b2c,6001022149713346120,,,call,17278,0,4,0,
10971396,9,1601572031,0x0047ae5eb851c95038dfca405c0d3ff7bc5db718bad6bc8533460c3655720d74,0x7a250d5630b4cf539739df2c5dacb4c659f2488d,0x710da7a06b0c66a18fed27dfa53d937c69ed3b2c,6031825175678145666,,,call,17278,0,4,0,
10971410,9,1601572164,0x94f9a6ebbe20f92eb8994b15618c1fdd9c1deff5450d7faac3e91e1d5bf203c8,0x7a250d5630b4cf539739df2c5dacb4c659f2488d,0x710da7a06b0c66a18fed27dfa53d937c69ed3b2c,6311590168396090445,,,call,17278,0,4,0,
10971416,9,1601572248,0xaf144865b610f542cda20ae2d082593cf4a9eba7f7471a26e2787c82f56cac4a,0x7a250d5630b4cf539739df2c5dacb4c659f2488d,0x710da7a06b0c66a18fed27dfa53d937c69ed3b2c,6235961189303301061,,,call,17278,0,4,0,
10971427,9,1601572365,0xd9df26b476b81943fa759929984c0eb69e687aa6ac6aed5eac359eb256a33f6c,0x7a250d5630b4cf539739df2c5dacb4c659f2488d,0x710da7a06b0c66a18fed27dfa53d937c69ed3b2c,6300902410221322742,,,call,17278,0,4,0,
10971431,9,1601572411,0xf0b45de3da17625500cd9ed0695bf9bbc98dfa49f52069c0388d16b64e82c252,0x7a250d5630b4cf539739df2c5dacb4c659f2488d,0x710da7a06b0c66a18fed27dfa53d937c69ed3b2c,6316648971582323453,,,call,17278,0,4,0,
10971439,9,1601572516,0x336d029db94521162b943be5b609fd6b29585c27349b7c92e5c115090e656747,0x7a250d5630b4cf539739df2c5dacb4c659f2488d,0x710da7a06b0c66a18fed27dfa53d937c69ed3b2c,6240721986360604769,,,call,17278,0,4,0,
10971465,9,1601572817,0x3132e5a6d0e5ff03415045650377d28bb8c4f5309bbb70a23f246e22df7facc7,0x7a250d5630b4cf539739df2c5dacb4c659f2488d,0x710da7a06b0c66a18fed27dfa53d937c69ed3b2c,6102336841144125576,,,call,17277,0,4,0,
10971475,9,1601572929,0xae8584cc138f49b8eacd4f2ed22d509a99094b4fc03c1253d7fd3f499cc2de92,0x7a250d5630b4cf539739df2c5dacb4c659f2488d,0x710da7a06b0c66a18fed27dfa53d937c69ed3b2c,6179920547602105225,,,call,17277,0,4,0,
10971484,9,1601572974,0x62929e6cf816d07fcfddd7569c6e71aa293e64cb9692407cb9b2190a32cdc9fa,0x7a250d5630b4cf539739df2c5dacb4c659f2488d,0x710da7a06b0c66a18fed27dfa53d937c69ed3b2c,6137053474280153043,,,call,17278,0,4,0,
10971489,9,1601573014,0x45b35ed20a6114fb033152c40b2ef78959fcb156073a706743ff7f09fcd0fbdc,0x7a250d5630b4cf539739df2c5dacb4c659f2488d,0x710da7a06b0c66a18fed27dfa53d937c69ed3b2c,6184613781062025062,,,call,17278,0,4,0,
10971492,9,1601573065,0x96d2b8a0f9bfeecad2f3bd936d8a805161f1ae2eeb2c180225d67fa6249e9309,0x7a250d5630b4cf539739df2c5dacb4c659f2488d,0x710da7a06b0c66a18fed27dfa53d937c69ed3b2c,6206801123022551460,,,call,4267,0,4,0,
10971496,9,1601573109,0xdf6e19829c692036bc9bfad25845f8a320a7a6171f11d3d29c280d7029d565d3,0x7a250d5630b4cf539739df2c5dacb4c659f2488d,0x710da7a06b0c66a18fed27dfa53d937c69ed3b2c,6136940598918983039,,,call,17278,0,4,0,
10971500,9,1601573156,0xcd6633c14c379734ffdbc3983772c0f4709c162a72c11f9434960efaeff2f4e4,0x7a250d5630b4cf539739df2c5dacb4c659f2488d,0x710da7a06b0c66a18fed27dfa53d937c69ed3b2c,6158073232586769835,,,call,17278,0,4,0,
10971507,9,1601573287,0xfc32893661c063139276cf2bcae098a79edb1ce17defd9a9326ced2421a873f9,0x7a250d5630b4cf539739df2c5dacb4c659f2488d,0x710da7a06b0c66a18fed27dfa53d937c69ed3b2c,6176294942051941845,,,call,17278,0,4,0,
10971511,9,1601573317,0x8a353a567b8a369aece29f92ca2e7b6ecec0a7c3d453057c32a54c48a2d75e63,0x7a250d5630b4cf539739df2c5dacb4c659f2488d,0x710da7a06b0c66a18fed27dfa53d937c69ed3b2c,6161142027694183572,,,call,17278,0,4,0,
10971549,9,1601573826,0xe3540b131c9b4e4a595f54b66d40f26de96fcd6bb17eb5327a0dcd041243090a,0x7a250d5630b4cf539739df2c5dacb4c659f2488d,0x710da7a06b0c66a18fed27dfa53d937c69ed3b2c,6179191576099003635,,,call,17278,0,4,0,
10971599,9,1601574489,0x5f57ffd2fd43e383ec396b1bdce23578e45312ecac4d61b274c27351daad9f64,0x7a250d5630b4cf539739df2c5dacb4c659f2488d,0x710da7a06b0c66a18fed27dfa53d937c69ed3b2c,6128529898600400659,,,call,17278,0,4,0,
10971603,9,1601574530,0xca898c792624ecdedefaa708e9b04678cb14690adafb86df86f21208ca778f59,0x7a250d5630b4cf539739df2c5dacb4c659f2488d,0x710da7a06b0c66a18fed27dfa53d937c69ed3b2c,6093461127417110096,,,call,4267,0,4,0,
10971609,9,1601574579,0x61d1ad16f7525f595cbb9a9d4a2e417c6740184ffa71b774dd8d80b03153beb5,0x7a250d5630b4cf539739df2c5dacb4c659f2488d,0x710da7a06b0c66a18fed27dfa53d937c69ed3b2c,6093186491986944980,,,call,17278,0,4,0,
10971621,9,1601574728,0x29476d502f10d349995b9c2900086f6dcef19d446a6733e4ac85b6d3868f99d5,0x7a250d5630b4cf539739df2c5dacb4c659f2488d,0x710da7a06b0c66a18fed27dfa53d937c69ed3b2c,6092927301015880470,,,call,17278,0,4,0,
10971622,9,1601574748,0x34fe16cbb3faab3476683241f2aa551cbf3d7711e1c54359a4bfd24939676287,0x7a250d5630b4cf539739df2c5dacb4c659f2488d,0x710da7a06b0c66a18fed27dfa53d937c69ed3b2c,6085897961153304646,,,call,4266,0,4,0,
10971634,9,1601574878,0x21fca451ebfebec6f048a1ccfc74aabf39622625558994e0e9d67a2e66729e7e,0x7a250d5630b4cf539739df2c5dacb4c659f2488d,0x710da7a06b0c66a18fed27dfa53d937c69ed3b2c,4021814055958996354,,,call,17278,0,4,0,
10971642,9,1601574929,0x5008ea305a346b84ee1e0bd574af005dffe01655355b07efa4e82707a58737ea,0x7a250d5630b4cf539739df2c5dacb4c659f2488d,0x710da7a06b0c66a18fed27dfa53d937c69ed3b2c,4097036126338856224,,,call,17278,0,4,0,
10971651,9,1601575064,0x1a0ac1a50b4f16663394b191cbe936d68961df93b50e89ca8016947e50453ff8,0x7a250d5630b4cf539739df2c5dacb4c659f2488d,0x710da7a06b0c66a18fed27dfa53d937c69ed3b2c,6093501212762395314,,,call,17278,0,4,0,
10971661,9,1601575228,0x4e0a4ab440928f97c138ac79022bfd2116cc240f89d12b23e86af6b87def46dd,0x7a250d5630b4cf539739df2c5dacb4c659f2488d,0x710da7a06b0c66a18fed27dfa53d937c69ed3b2c,6068766751394831357,,,call,17278,0,4,0,
10971669,9,1601575343,0xec9840b3e8245ae72caf00501ac9f94761e36cfd9a01cccd29ae7c094037c349,0x7a250d5630b4cf539739df2c5dacb4c659f2488d,0x710da7a06b0c66a18fed27dfa53d937c69ed3b2c,6063105847313248814,,,call,17278,0,4,0,
10971684,9,1601575551,0xa9af5c38e56ba9fffe584933f1193218e30f65bc29b057072a88bdea19d373f2,0x7a250d5630b4cf539739df2c5dacb4c659f2488d,0x710da7a06b0c66a18fed27dfa53d937c69ed3b2c,6050302469739541203,,,call,17278,0,4,0,
10971702,9,1601575706,0x7565c97ad7b2ee7941d990ddc375291c7338c79d9fa1bee22fd554d941051e8b,0x7a250d5630b4cf539739df2c5dacb4c659f2488d,0x710da7a06b0c66a18fed27dfa53d937c69ed3b2c,6050036895848421601,,,call,17278,0,4,0,
10971708,9,1601575770,0x644444dee83c3cf416a789595526041014d1460a650cd3f2771f1119f26cd018,0x7a250d5630b4cf539739df2c5dacb4c659f2488d,0x710da7a06b0c66a18fed27dfa53d937c69ed3b2c,6021224628054317803,,,call,17278,0,4,0,
10971713,9,1601575830,0xb70cdd6f54bd9e77c07c0d988648ba42be11c673fb451caed5f511ddf01a859c,0x7a250d5630b4cf539739df2c5dacb4c659f2488d,0x710da7a06b0c66a18fed27dfa53d937c69ed3b2c,6052224391049743864,,,call,17278,0,4,0,
10971717,9,1601575880,0x4774e9d1495654113dbdd96270dc1ff04f2a68caf825139b93c7a0e91551dd41,0x7a250d5630b4cf539739df2c5dacb4c659f2488d,0x710da7a06b0c66a18fed27dfa53d937c69ed3b2c,6006377846331156057,,,call,17278,0,4,0,
10971724,9,1601575971,0xda53d7e8d7adc3c86fed409c5214c37a58df345702dc5dffbc68b19203e4b6a2,0x7a250d5630b4cf539739df2c5dacb4c659f2488d,0x710da7a06b0c66a18fed27dfa53d937c69ed3b2c,6060669374561562174,,,call,17278,0,4,0,
10971730,9,1601576036,0x0eb8137319a654b4606e4c668cea250d005567706b1b81d4cdc410a32cab5d01,0x7a250d5630b4cf539739df2c5dacb4c659f2488d,0x710da7a06b0c66a18fed27dfa53d937c69ed3b2c,6139433899661822267,,,call,17278,0,4,0,
10971733,9,1601576097,0xc33b6241c1873f13a397ee6107b5d26f04dd4fb604ff4dbcbaa9ee785c50f663,0x7a250d5630b4cf539739df2c5dacb4c659f2488d,0x710da7a06b0c66a18fed27dfa53d937c69ed3b2c,6074638878262789005,,,call,17278,0,4,0,
10971738,9,1601576190,0x8f66c4be83f9f5bf2d77086862db147b6cac188fe0424552449a1d4684c7335f,0x7a250d5630b4cf539739df2c5dacb4c659f2488d,0x710da7a06b0c66a18fed27dfa53d937c69ed3b2c,6118833535400973588,,,call,17278,0,4,0,
10971741,9,1601576218,0xc358f820700e3c15906254eaa8cf953bb88e842665babfc638ed203a92fc1bab,0x7a250d5630b4cf539739df2c5dacb4c659f2488d,0x710da7a06b0c66a18fed27dfa53d937c69ed3b2c,6123926893035730225,,,call,4267,0,4,0,
10971747,9,1601576271,0x9be77132fc4d8bb0773e8fea16d54991cf56e8eb28de5d01dd030a632629bfbc,0x7a250d5630b4cf539739df2c5dacb4c659f2488d,0x710da7a06b0c66a18fed27dfa53d937c69ed3b2c,6123736165850663286,,,call,17278,0,4,0,
10971751,9,1601576324,0xe3c556daa71b777ae210e1ecb7c75eacb29d892d2d5fab0c1709af2c14376037,0x7a250d5630b4cf539739df2c5dacb4c659f2488d,0x710da7a06b0c66a18fed27dfa53d937c69ed3b2c,6112629585676983041,,,call,17278,0,4,0,
10971757,9,1601576367,0x1a3c5faf8320f0f343e4feeff802fd8bea450bb4422a8d11ba72edd7d05d15c2,0x7a250d5630b4cf539739df2c5dacb4c659f2488d,0x710da7a06b0c66a18fed27dfa53d937c69ed3b2c,6206064445871691892,,,call,4267,0,4,0,
10971762,9,1601576417,0xde3f17176800bf752683fce4484de51179c9dfa3d792fdd8bb5640033a5ae0c7,0x7a250d5630b4cf539739df2c5dacb4c659f2488d,0x710da7a06b0c66a18fed27dfa53d937c69ed3b2c,6118676734254786770,,,call,17278,0,4,0,
10971765,9,1601576465,0x3f15b85219d0ec544331fb530217f4af5081b4f439afe6c4d4b517d6a22043dc,0x7a250d5630b4cf539739df2c5dacb4c659f2488d,0x710da7a06b0c66a18fed27dfa53d937c69ed3b2c,6118921042413311546,,,call,17278,0,4,0,
10971773,9,1601576668,0x3ae64ebd9f47b4af1d3d91cd0fd53d8b3a2e2fa4feee4ca0cf14a25517b04a2f,0x7a250d5630b4cf539739df2c5dacb4c659f2488d,0x710da7a06b0c66a18fed27dfa53d937c69ed3b2c,6169418670492032475,,,call,17278,0,4,0,
10971780,9,1601576696,0x0ea705b15eff6cd20c54fe23e7063af5fd3924b18d2cd2748607c63c41619cb6,0x7a250d5630b4cf539739df2c5dacb4c659f2488d,0x710da7a06b0c66a18fed27dfa53d937c69ed3b2c,6156171938513712695,,,call,17278,0,4,0,
10971792,9,1601576841,0x164b9682f614d411610c00b6e6aef06ae982180fe2fb2ac7e69fec12a72be88a,0x7a250d5630b4cf539739df2c5dacb4c659f2488d,0x710da7a06b0c66a18fed27dfa53d937c69ed3b2c,10018580561841639954,,,call,17278,0,4,0,
10971795,9,1601576858,0x5d982819c1c5e014a66ff334845ef9346fd2d5c9a622c886db18a08033869a9b,0x7a250d5630b4cf539739df2c5dacb4c659f2488d,0x710da7a06b0c66a18fed27dfa53d937c69ed3b2c,9995939570856228938,,,call,17278,0,4,0,
10971798,9,1601576912,0x3af76d3e0167b183fb63e51c2e411da9a6c96071ca2b962ffc435ee69f3432a8,0x7a250d5630b4cf539739df2c5dacb4c659f2488d,0x710da7a06b0c66a18fed27dfa53d937c69ed3b2c,8069898432044380408,,,call,17277,0,4,0,
10971799,9,1601576936,0x1b3abf23bf4e39dc5a538ebde729fc18b0a69010214567155a933c30d518713e,0x7a250d5630b4cf539739df2c5dacb4c659f2488d,0x710da7a06b0c66a18fed27dfa53d937c69ed3b2c,8139311716444627992,,,call,29105,0,4,0,
10971805,9,1601577041,0x9b573515f156b4a48a4d6478b194c8805b347b0b43a483b4ec17a06cc885883e,0x7a250d5630b4cf539739df2c5dacb4c659f2488d,0x710da7a06b0c66a18fed27dfa53d937c69ed3b2c,8128736691943642011,,,call,17277,0,4,0,
10971806,9,1601577050,0xdc2975cdfd6e8bec39327edd57eb13a0646fd82775a1e144d62e4ffc98431ea1,0x7a250d5630b4cf539739df2c5dacb4c659f2488d,0x710da7a06b0c66a18fed27dfa53d937c69ed3b2c,8082266129709727118,,,call,4266,0,4,0,
10971806,9,1601577050,0x123a3f9e0eece4e97cf9e3e2265ec8ea91fd451eb57e914bf19cfaa8a5fd9a2c,0x7a250d5630b4cf539739df2c5dacb4c659f2488d,0x710da7a06b0c66a18fed27dfa53d937c69ed3b2c,8131635954771670394,,,call,16095,0,4,0,
10971819,9,1601577239,0x266da3ac1c78643a08a0a484cb5d7e9492eeeace74915551d3a2e1cbe7c29e6f,0x7a250d5630b4cf539739df2c5dacb4c659f2488d,0x710da7a06b0c66a18fed27dfa53d937c69ed3b2c,6008546451190935901,,,call,17278,0,4,0,
10971822,9,1601577256,0x9c61869c531994e542272121e4cc6d9b9e0ceaf59f1198cda8142ab74f75ac2f,0x7a250d5630b4cf539739df2c5dacb4c659f2488d,0x710da7a06b0c66a18fed27dfa53d937c69ed3b2c,6166288190609048422,,,call,4267,0,4,0,
10971822,9,1601577256,0x3182e5c3f83c45c188696813f9c8b08259b856cf2ac1c7a4ea4741983ec76ab0,0x7a250d5630b4cf539739df2c5dacb4c659f2488d,0x710da7a06b0c66a18fed27dfa53d937c69ed3b2c,6155112700220791627,,,call,29106,0,4,0,
10971824,9,1601577288,0x2cf99db279262a459c65c34d22da5aca5059dabfbee7c4967f3350010390f288,0x7a250d5630b4cf539739df2c5dacb4c659f2488d,0x710da7a06b0c66a18fed27dfa53d937c69ed3b2c,6145850324333344409,,,call,17278,0,4,0,
10971826,9,1601577311,0xb3752abd70e79ff73c07c577d87917baa0f42a8846dadc20150589d0243d874d,0x7a250d5630b4cf539739df2c5dacb4c659f2488d,0x710da7a06b0c66a18fed27dfa53d937c69ed3b2c,8278215484665669889,,,call,17277,0,4,0,
10971831,9,1601577362,0xdcd62836c099fd233f2b5b74405933e61ff6943afa4d9b26a4e7c10fcb82bb77,0x7a250d5630b4cf539739df2c5dacb4c659f2488d,0x710da7a06b0c66a18fed27dfa53d937c69ed3b2c,8131621379604733939,,,call,17277,0,4,0,
10971836,9,1601577408,0xb7f2ac759e6f3831d3c732dd61218c7991ddb4fd2dec3129bd0dd2994fcad397,0x7a250d5630b4cf539739df2c5dacb4c659f2488d,0x710da7a06b0c66a18fed27dfa53d937c69ed3b2c,8230104487796690905,,,call,17277,0,4,0,
10971840,9,1601577449,0x56f4b6a8e60ff4bd7e47a92cce834a930f71e5113532e8bf06d9d1a5beb165d9,0x7a250d5630b4cf539739df2c5dacb4c659f2488d,0x710da7a06b0c66a18fed27dfa53d937c69ed3b2c,8115245733182893781,,,call,17277,0,4,0,
10971840,9,1601577449,0x23dbb8255ed18a1d8c9d3603ac73175817905da1928017fcd971333785f5475c,0x7a250d5630b4cf539739df2c5dacb4c659f2488d,0x710da7a06b0c66a18fed27dfa53d937c69ed3b2c,8140180569185357819,,,call,29105,0,4,0,
10971842,9,1601577480,0x67b14aa3b447c32361b230a1af756df4caf59711c8d3cc14f7974088ad143771,0x7a250d5630b4cf539739df2c5dacb4c659f2488d,0x710da7a06b0c66a18fed27dfa53d937c69ed3b2c,8079791578260857048,,,call,4266,0,4,0,
10971844,9,1601577522,0x6b7348dcd65bb2c152aa270da7bca9dff1636b0142a8d20955313845e3cdd306,0x7a250d5630b4cf539739df2c5dacb4c659f2488d,0x710da7a06b0c66a18fed27dfa53d937c69ed3b2c,8123788365165597385,,,call,4266,0,4,0,
10971846,9,1601577530,0x16706abfcbc91b491dcd48d9f38d0f66d6bbac857b0cb858d17f8ab476a954fc,0x7a250d5630b4cf539739df2c5dacb4c659f2488d,0x710da7a06b0c66a18fed27dfa53d937c69ed3b2c,8099152607704120792,,,call,17277,0,4,0,
10971848,9,1601577604,0xefe771fba7293f01d16ededd401f25dec5cdc15d2f297504cd3eebc842d25574,0x7a250d5630b4cf539739df2c5dacb4c659f2488d,0x710da7a06b0c66a18fed27dfa53d937c69ed3b2c,8053407783155775912,,,call,4266,0,4,0,
10971848,9,1601577604,0x759043b48d52bf0c64353b7307bdaeb8a8a556b9e16989b0afe917cd01b13a10,0x7a250d5630b4cf539739df2c5dacb4c659f2488d,0x710da7a06b0c66a18fed27dfa53d937c69ed3b2c,8099498552800851798,,,call,29106,0,4,0,
10971858,9,1601577688,0x1f6bddb4727fe7abecde9796f6bfe1bcd1b98206751f629759805490617950ae,0x7a250d5630b4cf539739df2c5dacb4c659f2488d,0x710da7a06b0c66a18fed27dfa53d937c69ed3b2c,4080909180404576863,,,call,17278,0,4,0,
10971860,9,1601577699,0x7f1f57157ca785b5166b3be1c959bbe57232f8d3720e5746cd576e60ca11d82a,0x7a250d5630b4cf539739df2c5dacb4c659f2488d,0x710da7a06b0c66a18fed27dfa53d937c69ed3b2c,6150517376279128286,,,call,17278,0,4,0,
10971865,9,1601577733,0x925ab891a6313d1fb62bc9ff72891d6bbf230abe922ba835e45c94e867ac3b3d,0x7a250d5630b4cf539739df2c5dacb4c659f2488d,0x710da7a06b0c66a18fed27dfa53d937c69ed3b2c,6150556785371163934,,,call,4267,0,4,0,
10971867,9,1601577748,0xfa45b51997df61c6e657cdfc25891172161d6a481bb148abf8aad59a9338e1af,0x7a250d5630b4cf539739df2c5dacb4c659f2488d,0x710da7a06b0c66a18fed27dfa53d937c69ed3b2c,6119315911254650985,,,call,17278,0,4,0,
10971869,9,1601577770,0xfc04779fbe97e2d948b143c4a8afd37c837929dd557e018a220ce93855fb8afc,0x7a250d5630b4cf539739df2c5dacb4c659f2488d,0x710da7a06b0c66a18fed27dfa53d937c69ed3b2c,10060433167395517862,,,call,4267,0,4,0,
10971871,9,1601577788,0x66078c7425a93834ad57d5e2764ab9f428441b7c98fdb6319f291ef9a80bf3b5,0x7a250d5630b4cf539739df2c5dacb4c659f2488d,0x710da7a06b0c66a18fed27dfa53d937c69ed3b2c,8190910589175371823,,,call,4266,0,4,0,
10971880,9,1601577849,0x633610ab085161ae7fe452485d869ea12f5d3aa54dceeb62868f7241ddb61bfd,0x7a250d5630b4cf539739df2c5dacb4c659f2488d,0x710da7a06b0c66a18fed27dfa53d937c69ed3b2c,10070087864967684627,,,call,17278,0,4,0,
10971890,9,1601577933,0x553aaa8e8d7db3cd9e947e8f0ed692890279bb243aadad0a66549665eed0e8fd,0x7a250d5630b4cf539739df2c5dacb4c659f2488d,0x710da7a06b0c66a18fed27dfa53d937c69ed3b2c,4029370671790856623,,,call,29106,0,4,0,
10971890,9,1601577933,0x4ef13735ed79258f5add5e4fface309431e3fa86d4c7004efe64ff6dde8f1eb2,0x7a250d5630b4cf539739df2c5dacb4c659f2488d,0x710da7a06b0c66a18fed27dfa53d937c69ed3b2c,4129224584753945011,,,call,29106,0,4,0,
10971893,9,1601577971,0x42a132211ab1a7f87dbefad560eebbd2e5f9a111efef0a88fd49e7e505a93ac4,0x7a250d5630b4cf539739df2c5dacb4c659f2488d,0x710da7a06b0c66a18fed27dfa53d937c69ed3b2c,4086210965590425652,,,call,17278,0,4,0,
10971894,9,1601578000,0x52990a59c96ab1cb2ed7e16219de4e046dc0ff2d82269a8a2033b02847cb1f17,0x7a250d5630b4cf539739df2c5dacb4c659f2488d,0x710da7a06b0c66a18fed27dfa53d937c69ed3b2c,4147985283938240966,,,call,17278,0,4,0,
10971897,9,1601578081,0x81b3a10fb566d20424a7f3ed73203eb8e3796e17141fb56e050a2f9c9f23173c,0x7a250d5630b4cf539739df2c5dacb4c659f2488d,0x710da7a06b0c66a18fed27dfa53d937c69ed3b2c,2094010709123712266,,,call,4267,0,4,0,
10971901,9,1601578185,0x9a5414d0f6fbe4dd125d1f0aa3fb22f24b6e80061ccf97871768b22fe4e81fe3,0x7a250d5630b4cf539739df2c5dacb4c659f2488d,0x710da7a06b0c66a18fed27dfa53d937c69ed3b2c,6045910465734034090,,,call,17278,0,4,0,
10971904,9,1601578213,0x7df0ce02997d03e226cbe05f3f5da7e42a4772a0d83a3495487cbdf120a791f7,0x7a250d5630b4cf539739df2c5dacb4c659f2488d,0x710da7a06b0c66a18fed27dfa53d937c69ed3b2c,6097922437631047809,,,call,17278,0,4,0,
10971904,9,1601578213,0x93c14ffdd61548ad19891e78202a8e6fe5a2d61c7db98ae10194a70638810f3a,0x7a250d5630b4cf539739df2c5dacb4c659f2488d,0x710da7a06b0c66a18fed27dfa53d937c69ed3b2c,6103688317163902823,,,call,29106,0,4,0,
10971906,9,1601578260,0x4c7a95d9da7a272cc4d23413dd26402c4cc9e87abaa83c917572090c85236b4b,0x7a250d5630b4cf539739df2c5dacb4c659f2488d,0x710da7a06b0c66a18fed27dfa53d937c69ed3b2c,6137988549463165248,,,call,17278,0,4,0,
10971908,9,1601578284,0x9385ace4b825161439add34b1440d47c2e59e7fe37c42e33c9ad7be5b004bdcb,0x7a250d5630b4cf539739df2c5dacb4c659f2488d,0x710da7a06b0c66a18fed27dfa53d937c69ed3b2c,6060724959485674514,,,call,17278,0,4,0,
10971920,9,1601578516,0x8c7f0c3f913e42167bc1d3fe8b8b8e02eacd8e8cb4fe99f56bc02af063401213,0x7a250d5630b4cf539739df2c5dacb4c659f2488d,0x710da7a06b0c66a18fed27dfa53d937c69ed3b2c,105454839418863,,,call,17274,0,4,0,
