blockNumber,blockHash,timeStamp,hash,nonce,transactionIndex,from,to,value,gas,gasPrice,input,methodId,functionName,contractAddress,cumulativeGasUsed,txreceipt_status,gasUsed,confirmations,isError
10942637,0x4b5bb7b84c297620569308b95d6892ab7e72cdf5ca11532f4401f6d80380a8d5,1601182901,0x8345ecfe602f99b83af3a2629fe08d11c5a2506f5270070d290a32187823d7f8,3,169,0xc6f928cf9431b82c8c9a10fe954df44e66cbed1c,0x9dc2f9c2d944578420cdc8237cf3264d403355f7,1000000000000000000,21000,97000000000,0x,0x,,,12486663,1,21000,14454010,0
10943136,0xb5f6c2abd99da451d87eff92b30bc344d6b11fe74385d26bddd845335f797948,1601189914,0x526157304e202acd8d4430a6f9f0c4c559c42050d1732fe4cb1f30f6b4f9d84a,0,120,0x9dc2f9c2d944578420cdc8237cf3264d403355f7,0x7afebbb46fdb47ed17b22ed075cde2447694fb9e,0,49930,117000000000,0x095ea7b30000000000000000000000007a250d5630b4cf539739df2c5dacb4c659f2488dffffffffffffffffffffffffffffffffffffffffffffffffffffffffffffffff,0x095ea7b3,"approve(address _spender, uint256 _value)",,10821932,1,45391,14453511,0
10943139,0xeae29448fb58ce48c860f00a8b39f488cc161ae4f3e1da04fbce33e20c5ded4d,1601189984,0xa1d48877b6da88bb49f9a72c30edf4428c137061671ecb2a60a25ebb9ecff3f2,1,126,0x9dc2f9c2d944578420cdc8237cf3264d403355f7,0x7a250d5630b4cf539739df2c5dacb4c659f2488d,0,172716,118000000000,0x18cbafe50000000000000000000000000000000000000000000000056bc75e2d631000000000000000000000000000000000000000000000000000000187bf3893c4410300000000000000000000000000000000000000000000000000000000000000a00000000000000000000000009dc2f9c2d944578420cdc8237cf3264d403355f7000000000000000000000000000000000000000000000000000000005f703cca00000000000000000000000000000000000000000000000000000000000000020000000000000000000000007afebbb46fdb47ed17b22ed075cde2447694fb9e000000000000000000000000c02aaa39b223fe8d0a0e5c4f27ead9083c756cc2,0x18cbafe5,"swapExactTokensForETH(uint256 amountIn, uint256 amountOutMin, address[] path, address to, uint256 deadline)",,9703844,1,131733,14453508,0
10943150,0xc163cd0c441b0a588c12289f988ad2b0215674e827c552eb2f1b0159774e1225,1601190214,0x48f004e0ddbc192f63b1533dc5b2340285a61fe7da7730c8df49617f37277fda,2,140,0x9dc2f9c2d944578420cdc8237cf3264d403355f7,0x7a250d5630b4cf539739df2c5dacb4c659f2488d,0,172729,115000001459,0x18cbafe5000000000000000000000000000000000000000000000218ae196b8d4f3000000000000000000000000000000000000000000000000000009540be40301c40c900000000000000000000000000000000000000000000000000000000000000a00000000000000000000000009dc2f9c2d944578420cdc8237cf3264d403355f7000000000000000000000000000000000000000000000000000000005f703d1000000000000000000000000000000000000000000000000000000000000000020000000000000000000000007afebbb46fdb47ed17b22ed075cde2447694fb9e000000000000000000000000c02aaa39b223fe8d0a0e5c4f27ead9083c756cc2,0x18cbafe5,"swapExactTokensForETH(uint256 amountIn, uint256 amountOutMin, address[] path, address to, uint256 deadline)",,8235749,1,116745,14453497,0
10943190,0x14e4db4fb955e148b18b93b1731465b98f8b4e6ccf5f247daf630d3a842dd34f,1601190693,0x738990fde4b0c23a4a16042adea7da24bd885129ceb27661d368cfa030fbeae9,3,7,0x9dc2f9c2d944578420cdc8237cf3264d403355f7,0xbd6467a31899590474ce1e84f70594c53d628e46,0,11828543,120000000000,0x095ea7b3000000000000000000000000e4c9194962532feb467dce8b3d42419641c6ed2e0000000000000000000000000000000000000000000000056bc75e2d63100000,0x095ea7b3,"approve(address _spender, uint256 _value)",,356281,0,22854,14453457,1
10944078,0x97fba09c79b79260f8e90457204e642fa904c5163e0e89030aebdbc75fb5587d,1601202423,0x380262dd88b312a1867e642f330125475919c533cdbbcf67c6d02be51e8de92d,4,176,0x9dc2f9c2d944578420cdc8237cf3264d403355f7,0x7a250d5630b4cf539739df2c5dacb4c659f2488d,100000000000000000,166409,49000000000,0x7ff36ab500000000000000000000000000000000000000000000000e55095f65ac49dd7700000000000000000000000000000000000000000000000000000000000000800000000000000000000000009dc2f9c2d944578420cdc8237cf3264d403355f7000000000000000000000000000000000000000000000000000000005f706d180000000000000000000000000000000000000000000000000000000000000002000000000000000000000000c02aaa39b223fe8d0a0e5c4f27ead9083c756cc200000000000000000000000070a72833d6bf7f508c8224ce59ea1ef3d0ea3a38,0x7ff36ab5,"swapExactETHForTokens(uint256 amountOutMin, address[] path, address to, uint256 deadline)",,12263811,1,125692,14452569,0
10944090,0x82d6974918cef0107567358eaa9ccca7a783229a4684857eb354a88aeeca376c,1601202540,0x8e75e8fb181f370b4298767aa1696f9f9b28a546892561adff3758638b518236,5,97,0x9dc2f9c2d944578420cdc8237cf3264d403355f7,0x70a72833d6bf7f508c8224ce59ea1ef3d0ea3a38,0,48728,45000001459,0x095ea7b30000000000000000000000007a250d5630b4cf539739df2c5dacb4c659f2488dffffffffffffffffffffffffffffffffffffffffffffffffffffffffffffffff,0x095ea7b3,"approve(address _spender, uint256 _value)",,10303959,1,44299,14452557,0
10944127,0x6933f13fc4f367af483fd88afc2ab7bb9bad6fb9e422c4803d3ef203e7dfe0ea,1601203126,0xc7715b4b167b164abd8ab50bc5390b4bc737cdd7b07feb9a901ad534821f606f,6,80,0x9dc2f9c2d944578420cdc8237cf3264d403355f7,0x7a250d5630b4cf539739df2c5dacb4c659f2488d,0,168366,49000000000,0x18cbafe500000000000000000000000000000000000000000000000e6761bd506bdeb6e5000000000000000000000000000000000000000000000000015f630198e88e7500000000000000000000000000000000000000000000000000000000000000a00000000000000000000000009dc2f9c2d944578420cdc8237cf3264d403355f7000000000000000000000000000000000000000000000000000000005f706f0a000000000000000000000000000000000000000000000000000000000000000200000000000000000000000070a72833d6bf7f508c8224ce59ea1ef3d0ea3a38000000000000000000000000c02aaa39b223fe8d0a0e5c4f27ead9083c756cc2,0x18cbafe5,"swapExactTokensForETH(uint256 amountIn, uint256 amountOutMin, address[] path, address to, uint256 deadline)",,11206601,1,112778,14452520,0
10945465,0x5ca62c6db8e30f048839120b86ecbdd64001ce190147847d86ad8010e176fc85,1601220852,0x49c2effedf060f6ebf3aec27163f08a076816974fc7d1e0712ca179b372aa674,7,4,0x9dc2f9c2d944578420cdc8237cf3264d403355f7,0xc011a73ee8576fb46f5e1c5751ca3b9fe0af2a6f,0,73951,150000000000,0x095ea7b30000000000000000000000007a250d5630b4cf539739df2c5dacb4c659f2488dffffffffffffffffffffffffffffffffffffffffffffffffffffffffffffffff,0x095ea7b3,"approve(address _spender, uint256 _value)",,351678,1,66854,14451182,0
10945471,0x4c90acf7902c49e1dac4d67db0893d8a6d264290d985da6ab47c8e4e07cb603c,1601220944,0x8bf62cc4851f5efb8821d0377f833f3f9716c6cead6bd7e625cf120b299590a9,8,124,0x9dc2f9c2d944578420cdc8237cf3264d403355f7,0x7a250d5630b4cf539739df2c5dacb4c659f2488d,0,222488,81000000000,0x18cbafe500000000000000000000000000000000000000000000000ad78ebc5ac620000000000000000000000000000000000000000000000000000023ff3d6c345c08a100000000000000000000000000000000000000000000000000000000000000a00000000000000000000000009dc2f9c2d944578420cdc8237cf3264d403355f7000000000000000000000000000000000000000000000000000000005f70b5a40000000000000000000000000000000000000000000000000000000000000002000000000000000000000000c011a73ee8576fb46f5e1c5751ca3b9fe0af2a6f000000000000000000000000c02aaa39b223fe8d0a0e5c4f27ead9083c756cc2,0x18cbafe5,"swapExactTokensForETH(uint256 amountIn, uint256 amountOutMin, address[] path, address to, uint256 deadline)",,9698714,0,29102,14451176,1
10945475,0x0d6729fbf8a5bd25fb1184c9306cd15922342656a90d1226848083480141d3f4,1601220971,0x4d1fc170de6026b2b983dde7e3664138bb5a508d17d93f1ed60a773a4cf0da60,9,31,0x9dc2f9c2d944578420cdc8237cf3264d403355f7,0x7a250d5630b4cf539739df2c5dacb4c659f2488d,0,209270,150000000000,0x18cbafe50000000000000000000000000000000000000000000000056bc75e2d6310000000000000000000000000000000000000000000000000000011fcce1f24b1468c00000000000000000000000000000000000000000000000000000000000000a00000000000000000000000009dc2f9c2d944578420cdc8237cf3264d403355f7000000000000000000000000000000000000000000000000000000005f70b6160000000000000000000000000000000000000000000000000000000000000002000000000000000000000000c011a73ee8576fb46f5e1c5751ca3b9fe0af2a6f000000000000000000000000c02aaa39b223fe8d0a0e5c4f27ead9083c756cc2,0x18cbafe5,"swapExactTokensForETH(uint256 amountIn, uint256 amountOutMin, address[] path, address to, uint256 deadline)",,3210492,1,164964,14451172,0
10945480,0x3b093da382f25c90f22606f66da11f04aa8f3ba080ebe3557a38229d48cdbcdf,1601221072,0x112359295da1c0819c52d8c4795a6dc2ce62886063fbf77438336eb83f9ad5de,10,0,0x9dc2f9c2d944578420cdc8237cf3264d403355f7,0x7a250d5630b4cf539739df2c5dacb4c659f2488d,0,222488,150000000000,0x18cbafe500000000000000000000000000000000000000000000003635c9adc5dea00000000000000000000000000000000000000000000000000000b3cbfd3777eb510500000000000000000000000000000000000000000000000000000000000000a00000000000000000000000009dc2f9c2d944578420cdc8237cf3264d403355f7000000000000000000000000000000000000000000000000000000005f70b61b0000000000000000000000000000000000000000000000000000000000000002000000000000000000000000c011a73ee8576fb46f5e1c5751ca3b9fe0af2a6f000000000000000000000000c02aaa39b223fe8d0a0e5c4f27ead9083c756cc2,0x18cbafe5,"swapExactTokensForETH(uint256 amountIn, uint256 amountOutMin, address[] path, address to, uint256 deadline)",,176980,1,176980,14451167,0
10945490,0xf96f90d6a023910d64473f6e744fa28cc7d3ca78caaf99192f830130e041de29,1601221175,0x81f6a8f7a7be24b6d323d18dca3d66119e3dd825ba2a076f1a80ddb3ed518811,11,7,0x9dc2f9c2d944578420cdc8237cf3264d403355f7,0x7a250d5630b4cf539739df2c5dacb4c659f2488d,0,209270,150000000000,0x18cbafe500000000000000000000000000000000000000000000003635c9adc5dea00000000000000000000000000000000000000000000000000000b4e526dfa6677e1e00000000000000000000000000000000000000000000000000000000000000a00000000000000000000000009dc2f9c2d944578420cdc8237cf3264d403355f7000000000000000000000000000000000000000000000000000000005f70b6c00000000000000000000000000000000000000000000000000000000000000002000000000000000000000000c011a73ee8576fb46f5e1c5751ca3b9fe0af2a6f000000000000000000000000c02aaa39b223fe8d0a0e5c4f27ead9083c756cc2,0x18cbafe5,"swapExactTokensForETH(uint256 amountIn, uint256 amountOutMin, address[] path, address to, uint256 deadline)",,849267,1,160764,14451157,0
10945492,0xed0bb038554ef1287d1015df85173b711a6f20b54912ce54e59d59f69af95b69,1601221195,0xc2fdd588ac7f5de2751755e577b4ccac82ce8e73e218db2af5b31ec3590ce10b,12,17,0x9dc2f9c2d944578420cdc8237cf3264d403355f7,0x7a250d5630b4cf539739df2c5dacb4c659f2488d,0,209270,150000000000,0x18cbafe500000000000000000000000000000000000000000000003635c9adc5dea00000000000000000000000000000000000000000000000000000b4e526dfa6677e1e00000000000000000000000000000000000000000000000000000000000000a00000000000000000000000009dc2f9c2d944578420cdc8237cf3264d403355f7000000000000000000000000000000000000000000000000000000005f70b6c00000000000000000000000000000000000000000000000000000000000000002000000000000000000000000c011a73ee8576fb46f5e1c5751ca3b9fe0af2a6f000000000000000000000000c02aaa39b223fe8d0a0e5c4f27ead9083c756cc2,0x18cbafe5,"swapExactTokensForETH(uint256 amountIn, uint256 amountOutMin, address[] path, address to, uint256 deadline)",,1687618,1,176980,14451155,0
10945494,0x59abc521cd0c2c084601305b30d25e09501bd95eb5bd5c16a7016b312aca7515,1601221241,0x16b7ec8437b1c0d6272f9bac046350587842df8562c383c3c65c4f471f6ea5ce,13,9,0x9dc2f9c2d944578420cdc8237cf3264d403355f7,0x7a250d5630b4cf539739df2c5dacb4c659f2488d,0,209270,150000000000,0x18cbafe500000000000000000000000000000000000000000000003635c9adc5dea00000000000000000000000000000000000000000000000000000b40e90e01b6a012900000000000000000000000000000000000000000000000000000000000000a00000000000000000000000009dc2f9c2d944578420cdc8237cf3264d403355f7000000000000000000000000000000000000000000000000000000005f70b6fb0000000000000000000000000000000000000000000000000000000000000002000000000000000000000000c011a73ee8576fb46f5e1c5751ca3b9fe0af2a6f000000000000000000000000c02aaa39b223fe8d0a0e5c4f27ead9083c756cc2,0x18cbafe5,"swapExactTokensForETH(uint256 amountIn, uint256 amountOutMin, address[] path, address to, uint256 deadline)",,1211685,1,176980,14451153,0
10945497,0x0f7e14f7178a1d9dde7e3b27746033842fe900a501c9f5356d8a37e78ec629a7,1601221299,0xd512ac85f09629e98664f1bb49d4479d53cb8dc2892e2d346cdfaea4ad8b985d,14,2,0x9dc2f9c2d944578420cdc8237cf3264d403355f7,0x7a250d5630b4cf539739df2c5dacb4c659f2488d,0,209270,150000000000,0x18cbafe50000000000000000000000000000000000000000000000056bc75e2d6310000000000000000000000000000000000000000000000000000011fac70717ff2d6400000000000000000000000000000000000000000000000000000000000000a00000000000000000000000009dc2f9c2d944578420cdc8237cf3264d403355f7000000000000000000000000000000000000000000000000000000005f70b7290000000000000000000000000000000000000000000000000000000000000002000000000000000000000000c011a73ee8576fb46f5e1c5751ca3b9fe0af2a6f000000000000000000000000c02aaa39b223fe8d0a0e5c4f27ead9083c756cc2,0x18cbafe5,"swapExactTokensForETH(uint256 amountIn, uint256 amountOutMin, address[] path, address to, uint256 deadline)",,411488,1,176980,14451150,0
10945500,0xffc78fa2e90ed52d46d7909a4bee83ebee85c9dfb32a5fff2b10eb2f5f63065e,1601221323,0x10656ac4c630863e6c7ca2968dcd64c88e409074a9a5a6a3dacf1f960c5fdc72,15,40,0x9dc2f9c2d944578420cdc8237cf3264d403355f7,0x7a250d5630b4cf539739df2c5dacb4c659f2488d,0,222488,150000000000,0x18cbafe50000000000000000000000000000000000000000000000056bc75e2d6310000000000000000000000000000000000000000000000000000012046ec33a97827e00000000000000000000000000000000000000000000000000000000000000a00000000000000000000000009dc2f9c2d944578420cdc8237cf3264d403355f7000000000000000000000000000000000000000000000000000000005f70b7630000000000000000000000000000000000000000000000000000000000000002000000000000000000000000c011a73ee8576fb46f5e1c5751ca3b9fe0af2a6f000000000000000000000000c02aaa39b223fe8d0a0e5c4f27ead9083c756cc2,0x18cbafe5,"swapExactTokensForETH(uint256 amountIn, uint256 amountOutMin, address[] path, address to, uint256 deadline)",,3935543,1,164964,14451147,0
10945500,0xffc78fa2e90ed52d46d7909a4bee83ebee85c9dfb32a5fff2b10eb2f5f63065e,1601221323,0x959a2931bfb04c31a0cc2290e5a914f98dd427f14cee5dc78a453113a2da9d59,16,44,0x9dc2f9c2d944578420cdc8237cf3264d403355f7,0x7a250d5630b4cf539739df2c5dacb4c659f2488d,0,209270,150000000000,0x18cbafe50000000000000000000000000000000000000000000000056bc75e2d6310000000000000000000000000000000000000000000000000000012046ec33a97827e00000000000000000000000000000000000000000000000000000000000000a00000000000000000000000009dc2f9c2d944578420cdc8237cf3264d403355f7000000000000000000000000000000000000000000000000000000005f70b7650000000000000000000000000000000000000000000000000000000000000002000000000000000000000000c011a73ee8576fb46f5e1c5751ca3b9fe0af2a6f000000000000000000000000c02aaa39b223fe8d0a0e5c4f27ead9083c756cc2,0x18cbafe5,"swapExactTokensForETH(uint256 amountIn, uint256 amountOutMin, address[] path, address to, uint256 deadline)",,4542029,1,164964,14451147,0
10945502,0x3791bc2a7f449d118befadf1f5a7bf16038339202ea3be3140af4e13d4750aab,1601221367,0x0d0b7c87d3f87076d54e80b3ac826e787e23225ede0c9bb3256eca6d10ce485d,17,11,0x9dc2f9c2d944578420cdc8237cf3264d403355f7,0x7a250d5630b4cf539739df2c5dacb4c659f2488d,0,222488,150000000000,0x18cbafe500000000000000000000000000000000000000000000003635c9adc5dea00000000000000000000000000000000000000000000000000000b43458335b65156200000000000000000000000000000000000000000000000000000000000000a00000000000000000000000009dc2f9c2d944578420cdc8237cf3264d403355f7000000000000000000000000000000000000000000000000000000005f70b76c0000000000000000000000000000000000000000000000000000000000000002000000000000000000000000c011a73ee8576fb46f5e1c5751ca3b9fe0af2a6f000000000000000000000000c02aaa39b223fe8d0a0e5c4f27ead9083c756cc2,0x18cbafe5,"swapExactTokensForETH(uint256 amountIn, uint256 amountOutMin, address[] path, address to, uint256 deadline)",,1213912,1,176980,14451145,0
10945503,0xc6c8e625dcd2252d5725be709ccceabf03ea79a629bf2749b05dd667983790dd,1601221375,0x68d8d1ce7f20a4e1e174e49ef5aeced049e599ab4e081d6fc43ce3fabe64a615,18,34,0x9dc2f9c2d944578420cdc8237cf3264d403355f7,0x7a250d5630b4cf539739df2c5dacb4c659f2488d,0,204650,150000000000,0x18cbafe50000000000000000000000000000000000000000000000056bc75e2d6310000000000000000000000000000000000000000000000000000012065bbd74a4191900000000000000000000000000000000000000000000000000000000000000a00000000000000000000000009dc2f9c2d944578420cdc8237cf3264d403355f7000000000000000000000000000000000000000000000000000000005f70b7a70000000000000000000000000000000000000000000000000000000000000002000000000000000000000000c011a73ee8576fb46f5e1c5751ca3b9fe0af2a6f000000000000000000000000c02aaa39b223fe8d0a0e5c4f27ead9083c756cc2,0x18cbafe5,"swapExactTokensForETH(uint256 amountIn, uint256 amountOutMin, address[] path, address to, uint256 deadline)",,2895727,1,164964,14451144,0
10945507,0x8549e25924a3e3efdcd344fc0ddd8a9cd269d1fe699072be2f656abdf08736f3,1601221450,0x5f033720ff8ca129d6d1bb6c46057e196ed8f878040599f76a607edf2c45896d,19,49,0x9dc2f9c2d944578420cdc8237cf3264d403355f7,0x7a250d5630b4cf539739df2c5dacb4c659f2488d,0,222488,150000000000,0x18cbafe500000000000000000000000000000000000000000000001b1ae4d6e2ef50000000000000000000000000000000000000000000000000000059f4606b662a2b6900000000000000000000000000000000000000000000000000000000000000a00000000000000000000000009dc2f9c2d944578420cdc8237cf3264d403355f7000000000000000000000000000000000000000000000000000000005f70b7a70000000000000000000000000000000000000000000000000000000000000002000000000000000000000000c011a73ee8576fb46f5e1c5751ca3b9fe0af2a6f000000000000000000000000c02aaa39b223fe8d0a0e5c4f27ead9083c756cc2,0x18cbafe5,"swapExactTokensForETH(uint256 amountIn, uint256 amountOutMin, address[] path, address to, uint256 deadline)",,5455567,1,160764,14451140,0
10945510,0x90da821283326ffe914edb23c71af1148e18b43ad1b778d64460a1f8cb16c8cf,1601221549,0x0b2db6dbbaed347cec3a49588537e9f568933a107a238c95672a084755fcb138,20,39,0x9dc2f9c2d944578420cdc8237cf3264d403355f7,0x7a250d5630b4cf539739df2c5dacb4c659f2488d,0,222501,150000000000,0x18cbafe500000000000000000000000000000000000000000000006c6b935b8bbd4000000000000000000000000000000000000000000000000000016899af9cc7523e8d00000000000000000000000000000000000000000000000000000000000000a00000000000000000000000009dc2f9c2d944578420cdc8237cf3264d403355f7000000000000000000000000000000000000000000000000000000005f70b7fa0000000000000000000000000000000000000000000000000000000000000002000000000000000000000000c011a73ee8576fb46f5e1c5751ca3b9fe0af2a6f000000000000000000000000c02aaa39b223fe8d0a0e5c4f27ead9083c756cc2,0x18cbafe5,"swapExactTokensForETH(uint256 amountIn, uint256 amountOutMin, address[] path, address to, uint256 deadline)",,2336239,1,176992,14451137,0
10945512,0x7a722a0a3757bb0989e0ab06666fbd088a4f54f24d859449a764c141f8f96f86,1601221592,0x06eceacd6cc4e3ab3f1f599c4d5379e6db54a483b87e9114dd028dce59c1abdb,21,35,0x9dc2f9c2d944578420cdc8237cf3264d403355f7,0x7a250d5630b4cf539739df2c5dacb4c659f2488d,0,209283,150000000000,0x18cbafe500000000000000000000000000000000000000000000006c6b935b8bbd4000000000000000000000000000000000000000000000000000016899af9cc7523e8d00000000000000000000000000000000000000000000000000000000000000a00000000000000000000000009dc2f9c2d944578420cdc8237cf3264d403355f7000000000000000000000000000000000000000000000000000000005f70b8570000000000000000000000000000000000000000000000000000000000000002000000000000000000000000c011a73ee8576fb46f5e1c5751ca3b9fe0af2a6f000000000000000000000000c02aaa39b223fe8d0a0e5c4f27ead9083c756cc2,0x18cbafe5,"swapExactTokensForETH(uint256 amountIn, uint256 amountOutMin, address[] path, address to, uint256 deadline)",,3019882,1,164976,14451135,0
10945518,0x3fa70865c6d2ddf9c6ad3f3edf50627c85a4547be76ee91b2ed6f9a24542ad4e,1601221682,0x80d86ad774ddaef95b39b121cf01a5d8ea93086a19905a83c9207d6d1d998b7a,22,26,0x9dc2f9c2d944578420cdc8237cf3264d403355f7,0x7a250d5630b4cf539739df2c5dacb4c659f2488d,0,222501,150000000000,0x18cbafe50000000000000000000000000000000000000000000000a2a15d09519be000000000000000000000000000000000000000000000000000021d5dec04be969d7100000000000000000000000000000000000000000000000000000000000000a00000000000000000000000009dc2f9c2d944578420cdc8237cf3264d403355f7000000000000000000000000000000000000000000000000000000005f70b8c30000000000000000000000000000000000000000000000000000000000000002000000000000000000000000c011a73ee8576fb46f5e1c5751ca3b9fe0af2a6f000000000000000000000000c02aaa39b223fe8d0a0e5c4f27ead9083c756cc2,0x18cbafe5,"swapExactTokensForETH(uint256 amountIn, uint256 amountOutMin, address[] path, address to, uint256 deadline)",,1829998,1,164976,14451129,0
10945521,0xc749fab76e7db985f8fe544d995e19205e1d8bdd48d8d2a631bf5539300d8fd3,1601221715,0x52f96a66ff65ccb85166bf7c48fad6f6f85c406b950c28a53c48d454391f917f,23,14,0x9dc2f9c2d944578420cdc8237cf3264d403355f7,0x7a250d5630b4cf539739df2c5dacb4c659f2488d,0,209283,150000000000,0x18cbafe50000000000000000000000000000000000000000000000a2a15d09519be000000000000000000000000000000000000000000000000000021d5dec04be969d7100000000000000000000000000000000000000000000000000000000000000a00000000000000000000000009dc2f9c2d944578420cdc8237cf3264d403355f7000000000000000000000000000000000000000000000000000000005f70b8d80000000000000000000000000000000000000000000000000000000000000002000000000000000000000000c011a73ee8576fb46f5e1c5751ca3b9fe0af2a6f000000000000000000000000c02aaa39b223fe8d0a0e5c4f27ead9083c756cc2,0x18cbafe5,"swapExactTokensForETH(uint256 amountIn, uint256 amountOutMin, address[] path, address to, uint256 deadline)",,700089,1,176992,14451126,0
10945524,0x5552f8071a7eed6277ce487321fdfd7ab97d487f4767a65fdf958ff7b84ea773,1601221737,0x2aec130e1a04254bdf79e0c1ef39dfd43b72f6c3caefee4657a98751919ca3e3,24,29,0x9dc2f9c2d944578420cdc8237cf3264d403355f7,0x7a250d5630b4cf539739df2c5dacb4c659f2488d,0,209283,150000000000,0x18cbafe50000000000000000000000000000000000000000000000d8d726b7177a800000000000000000000000000000000000000000000000000002d0c8e0459f2807c000000000000000000000000000000000000000000000000000000000000000a00000000000000000000000009dc2f9c2d944578420cdc8237cf3264d403355f7000000000000000000000000000000000000000000000000000000005f70b8f40000000000000000000000000000000000000000000000000000000000000002000000000000000000000000c011a73ee8576fb46f5e1c5751ca3b9fe0af2a6f000000000000000000000000c02aaa39b223fe8d0a0e5c4f27ead9083c756cc2,0x18cbafe5,"swapExactTokensForETH(uint256 amountIn, uint256 amountOutMin, address[] path, address to, uint256 deadline)",,2302071,1,176992,14451123,0
10945535,0x448c3795a80945e088d2dca32f02c0b96f4d71b3ffcce2f1e61520403f4dbdad,1601221873,0x7e815e2943b6f428814825ab59def5f55631bc489caff63d38d92842c01c0414,25,107,0x9dc2f9c2d944578420cdc8237cf3264d403355f7,0x7a250d5630b4cf539739df2c5dacb4c659f2488d,0,209283,150000000000,0x18cbafe50000000000000000000000000000000000000000000000a2a15d09519be000000000000000000000000000000000000000000000000000021b589dec3eda7b2000000000000000000000000000000000000000000000000000000000000000a00000000000000000000000009dc2f9c2d944578420cdc8237cf3264d403355f7000000000000000000000000000000000000000000000000000000005f70b9840000000000000000000000000000000000000000000000000000000000000002000000000000000000000000c011a73ee8576fb46f5e1c5751ca3b9fe0af2a6f000000000000000000000000c02aaa39b223fe8d0a0e5c4f27ead9083c756cc2,0x18cbafe5,"swapExactTokensForETH(uint256 amountIn, uint256 amountOutMin, address[] path, address to, uint256 deadline)",,3535006,1,176992,14451112,0
10945541,0xe09d4b4a53233ca424eec4b69ef57251df0115f4f637adf1090e706cfec9944d,1601221970,0xa86433a0756250efe7e29f340e92c2b34c6d8a110f04b4bfbc7911d65876d69e,26,26,0x9dc2f9c2d944578420cdc8237cf3264d403355f7,0x7a250d5630b4cf539739df2c5dacb4c659f2488d,0,222501,150000000000,0x18cbafe50000000000000000000000000000000000000000000000d8d726b7177a800000000000000000000000000000000000000000000000000002d07714d853dc024300000000000000000000000000000000000000000000000000000000000000a00000000000000000000000009dc2f9c2d944578420cdc8237cf3264d403355f7000000000000000000000000000000000000000000000000000000005f70b9cf0000000000000000000000000000000000000000000000000000000000000002000000000000000000000000c011a73ee8576fb46f5e1c5751ca3b9fe0af2a6f000000000000000000000000c02aaa39b223fe8d0a0e5c4f27ead9083c756cc2,0x18cbafe5,"swapExactTokensForETH(uint256 amountIn, uint256 amountOutMin, address[] path, address to, uint256 deadline)",,3269959,1,176992,14451106,0
10945542,0xdd94d54b715c1db932ce08ce9d56aeb1f714d1768c5746f9bb0a2c9d37f944f0,1601222005,0x2fde00b4146906d71c864b9fbd8862bf28f13ac2146e4a6d0cfb7c0ce7974a54,27,13,0x9dc2f9c2d944578420cdc8237cf3264d403355f7,0x7a250d5630b4cf539739df2c5dacb4c659f2488d,0,209270,150000000000,0x18cbafe500000000000000000000000000000000000000000000003635c9adc5dea00000000000000000000000000000000000000000000000000000b38dd87a480e80b300000000000000000000000000000000000000000000000000000000000000a00000000000000000000000009dc2f9c2d944578420cdc8237cf3264d403355f7000000000000000000000000000000000000000000000000000000005f70ba020000000000000000000000000000000000000000000000000000000000000002000000000000000000000000c011a73ee8576fb46f5e1c5751ca3b9fe0af2a6f000000000000000000000000c02aaa39b223fe8d0a0e5c4f27ead9083c756cc2,0x18cbafe5,"swapExactTokensForETH(uint256 amountIn, uint256 amountOutMin, address[] path, address to, uint256 deadline)",,1295175,1,164964,14451105,0
10945545,0x273b583801d93ebd8e332fe554cd2f6d222981fb976f78af9b0267b7cf92427e,1601222060,0x0ce2ed44fd0ac6166ccaec2cf782f8d7e5e2ccf68e5840304e04564828826e8f,28,3,0x9dc2f9c2d944578420cdc8237cf3264d403355f7,0x7a250d5630b4cf539739df2c5dacb4c659f2488d,0,209270,150000000000,0x18cbafe500000000000000000000000000000000000000000000003635c9adc5dea00000000000000000000000000000000000000000000000000000b38dd87a480e80b300000000000000000000000000000000000000000000000000000000000000a00000000000000000000000009dc2f9c2d944578420cdc8237cf3264d403355f7000000000000000000000000000000000000000000000000000000005f70ba020000000000000000000000000000000000000000000000000000000000000002000000000000000000000000c011a73ee8576fb46f5e1c5751ca3b9fe0af2a6f000000000000000000000000c02aaa39b223fe8d0a0e5c4f27ead9083c756cc2,0x18cbafe5,"swapExactTokensForETH(uint256 amountIn, uint256 amountOutMin, address[] path, address to, uint256 deadline)",,518072,1,176980,14451102,0
10945552,0xf898d578d3198932c2bdd6ed0e80d0e8517161fa098e03bb6791316fb2c98c29,1601222171,0x3e041e017c8574b7063e6c8976b9197931274201ef57eec851c5f72a34dfd003,29,7,0x9dc2f9c2d944578420cdc8237cf3264d403355f7,0x7a250d5630b4cf539739df2c5dacb4c659f2488d,0,222514,150000000000,0x18cbafe500000000000000000000000000000000000000000000010f0cf064dd5920000000000000000000000000000000000000000000000000000381b248f833a2759a00000000000000000000000000000000000000000000000000000000000000a00000000000000000000000009dc2f9c2d944578420cdc8237cf3264d403355f7000000000000000000000000000000000000000000000000000000005f70ba7e0000000000000000000000000000000000000000000000000000000000000002000000000000000000000000c011a73ee8576fb46f5e1c5751ca3b9fe0af2a6f000000000000000000000000c02aaa39b223fe8d0a0e5c4f27ead9083c756cc2,0x18cbafe5,"swapExactTokensForETH(uint256 amountIn, uint256 amountOutMin, address[] path, address to, uint256 deadline)",,822781,0,29126,14451095,1
10945558,0x8b7199711ac79e0fe1dd50c588f1e329438cde6e696a790c9eb52337b8060962,1601222286,0xd6780a64e991d4608f25d4c87076719077ea19b70f9638ea8834085ed07442f7,30,4,0x9dc2f9c2d944578420cdc8237cf3264d403355f7,0x7a250d5630b4cf539739df2c5dacb4c659f2488d,0,209270,150000000000,0x18cbafe500000000000000000000000000000000000000000000003635c9adc5dea00000000000000000000000000000000000000000000000000000b4245ccbe0fcb3ce00000000000000000000000000000000000000000000000000000000000000a00000000000000000000000009dc2f9c2d944578420cdc8237cf3264d403355f7000000000000000000000000000000000000000000000000000000005f70bb160000000000000000000000000000000000000000000000000000000000000002000000000000000000000000c011a73ee8576fb46f5e1c5751ca3b9fe0af2a6f000000000000000000000000c02aaa39b223fe8d0a0e5c4f27ead9083c756cc2,0x18cbafe5,"swapExactTokensForETH(uint256 amountIn, uint256 amountOutMin, address[] path, address to, uint256 deadline)",,521760,1,176980,14451089,0
10945562,0x7de39d619930c81cfa965fcd2ef6904fd753ef25c93b7abe9535ffbba5caaf58,1601222359,0xa7a396c1cd8877fc96e273747e886be6db94f6253c73824d4a9cf9a098d0b923,31,20,0x9dc2f9c2d944578420cdc8237cf3264d403355f7,0x7a250d5630b4cf539739df2c5dacb4c659f2488d,0,222475,150000000000,0x18cbafe50000000000000000000000000000000000000000000000d8d726b7177a800000000000000000000000000000000000000000000000000002cfbe640000ddca7d00000000000000000000000000000000000000000000000000000000000000a00000000000000000000000009dc2f9c2d944578420cdc8237cf3264d403355f7000000000000000000000000000000000000000000000000000000005f70bb640000000000000000000000000000000000000000000000000000000000000002000000000000000000000000c011a73ee8576fb46f5e1c5751ca3b9fe0af2a6f000000000000000000000000c02aaa39b223fe8d0a0e5c4f27ead9083c756cc2,0x18cbafe5,"swapExactTokensForETH(uint256 amountIn, uint256 amountOutMin, address[] path, address to, uint256 deadline)",,1636017,1,176968,14451085,0
10945564,0x432e92f1ed034f34acc6bcc5729487d13b16cb7761a46574f95422a4a754531b,1601222413,0xa431777edd65d597c68d91a50928acfd0ac65fcad7b08047078bc4b7ee973626,32,8,0x9dc2f9c2d944578420cdc8237cf3264d403355f7,0x7a250d5630b4cf539739df2c5dacb4c659f2488d,0,209283,150000000000,0x18cbafe500000000000000000000000000000000000000000000006c6b935b8bbd40000000000000000000000000000000000000000000000000000168812e92a809bce100000000000000000000000000000000000000000000000000000000000000a00000000000000000000000009dc2f9c2d944578420cdc8237cf3264d403355f7000000000000000000000000000000000000000000000000000000005f70bb870000000000000000000000000000000000000000000000000000000000000002000000000000000000000000c011a73ee8576fb46f5e1c5751ca3b9fe0af2a6f000000000000000000000000c02aaa39b223fe8d0a0e5c4f27ead9083c756cc2,0x18cbafe5,"swapExactTokensForETH(uint256 amountIn, uint256 amountOutMin, address[] path, address to, uint256 deadline)",,1022034,1,176992,14451083,0
10945570,0xb2f63440326b058d42df9996dd0fa17f641b303238e04d34ee8146d8aaad67e3,1601222461,0xd4a27d200b003f2e617144807486ba60cdecb6453b9da4efd1c67f2c9063096b,33,11,0x9dc2f9c2d944578420cdc8237cf3264d403355f7,0x7a250d5630b4cf539739df2c5dacb4c659f2488d,0,222501,150000000000,0x18cbafe50000000000000000000000000000000000000000000000d8d726b7177a800000000000000000000000000000000000000000000000000002cee5a6c532561a3600000000000000000000000000000000000000000000000000000000000000a00000000000000000000000009dc2f9c2d944578420cdc8237cf3264d403355f7000000000000000000000000000000000000000000000000000000005f70bbcb0000000000000000000000000000000000000000000000000000000000000002000000000000000000000000c011a73ee8576fb46f5e1c5751ca3b9fe0af2a6f000000000000000000000000c02aaa39b223fe8d0a0e5c4f27ead9083c756cc2,0x18cbafe5,"swapExactTokensForETH(uint256 amountIn, uint256 amountOutMin, address[] path, address to, uint256 deadline)",,1317416,1,176992,14451077,0
10945572,0xf4077d337a53ab684468fa3755a83cbdb8ed1612406c03df9fb01d8aae5f5c28,1601222528,0x55bd1ff2313ac8a5b74da2d1975513c2d714b84f1bd74ead9e6cda7bf239f4ab,34,34,0x9dc2f9c2d944578420cdc8237cf3264d403355f7,0x7a250d5630b4cf539739df2c5dacb4c659f2488d,0,209283,150000000000,0x18cbafe50000000000000000000000000000000000000000000000a2a15d09519be000000000000000000000000000000000000000000000000000021b4e1292b3684b4d00000000000000000000000000000000000000000000000000000000000000a00000000000000000000000009dc2f9c2d944578420cdc8237cf3264d403355f7000000000000000000000000000000000000000000000000000000005f70bbed0000000000000000000000000000000000000000000000000000000000000002000000000000000000000000c011a73ee8576fb46f5e1c5751ca3b9fe0af2a6f000000000000000000000000c02aaa39b223fe8d0a0e5c4f27ead9083c756cc2,0x18cbafe5,"swapExactTokensForETH(uint256 amountIn, uint256 amountOutMin, address[] path, address to, uint256 deadline)",,1556015,1,176992,14451075,0
10945574,0xcd8cdbb09f8ce9c764b3db09d59e2a9649e91c236f306df1f66baf827b2f53b8,1601222573,0x4e503bffe31e3765fae44695f5afd7ae593f2c5a4ee7fca0707f938cadb7b655,35,43,0x9dc2f9c2d944578420cdc8237cf3264d403355f7,0x7a250d5630b4cf539739df2c5dacb4c659f2488d,0,209283,150000000000,0x18cbafe500000000000000000000000000000000000000000000014542ba12a337c0000000000000000000000000000000000000000000000000000439c1004773973e6700000000000000000000000000000000000000000000000000000000000000a00000000000000000000000009dc2f9c2d944578420cdc8237cf3264d403355f7000000000000000000000000000000000000000000000000000000005f70bc300000000000000000000000000000000000000000000000000000000000000002000000000000000000000000c011a73ee8576fb46f5e1c5751ca3b9fe0af2a6f000000000000000000000000c02aaa39b223fe8d0a0e5c4f27ead9083c756cc2,0x18cbafe5,"swapExactTokensForETH(uint256 amountIn, uint256 amountOutMin, address[] path, address to, uint256 deadline)",,3359269,1,176992,14451073,0
10945577,0x246d4c719a257002ce5a9ede0b661550e673a73065fe89f929ff01108b32771b,1601222633,0x0b74d5514653eec87703430f09d9db500e255903ba2bf52bb0f4db53c0cf92c9,36,18,0x9dc2f9c2d944578420cdc8237cf3264d403355f7,0x7a250d5630b4cf539739df2c5dacb4c659f2488d,0,222514,150000000000,0x18cbafe500000000000000000000000000000000000000000000014542ba12a337c0000000000000000000000000000000000000000000000000000436ce0efbeb5dcc2d00000000000000000000000000000000000000000000000000000000000000a00000000000000000000000009dc2f9c2d944578420cdc8237cf3264d403355f7000000000000000000000000000000000000000000000000000000005f70bc3a0000000000000000000000000000000000000000000000000000000000000002000000000000000000000000c011a73ee8576fb46f5e1c5751ca3b9fe0af2a6f000000000000000000000000c02aaa39b223fe8d0a0e5c4f27ead9083c756cc2,0x18cbafe5,"swapExactTokensForETH(uint256 amountIn, uint256 amountOutMin, address[] path, address to, uint256 deadline)",,1399770,1,177004,14451070,0
10945583,0x7f7292c8d223509e2585fff2ec5879b45141ac1ccb579b0197adbec8c49f52d8,1601222706,0x8b6e3ae0937ad9e6965d91806c5b812ad00098e033331fcf9659fafb45dbcdf8,37,31,0x9dc2f9c2d944578420cdc8237cf3264d403355f7,0x7a250d5630b4cf539739df2c5dacb4c659f2488d,0,222514,150000000000,0x18cbafe500000000000000000000000000000000000000000000010f0cf064dd59200000000000000000000000000000000000000000000000000003869ee7956c3c5db000000000000000000000000000000000000000000000000000000000000000a00000000000000000000000009dc2f9c2d944578420cdc8237cf3264d403355f7000000000000000000000000000000000000000000000000000000005f70bcde0000000000000000000000000000000000000000000000000000000000000002000000000000000000000000c011a73ee8576fb46f5e1c5751ca3b9fe0af2a6f000000000000000000000000c02aaa39b223fe8d0a0e5c4f27ead9083c756cc2,0x18cbafe5,"swapExactTokensForETH(uint256 amountIn, uint256 amountOutMin, address[] path, address to, uint256 deadline)",,1265730,1,177004,14451064,0
10945589,0xc5f618604e3d33b9af6cf558502db3d97dc8510c22d284a04a2605c1ccfdd31a,1601222781,0x00399707a7e5abe1c6f27d9b537c358710b17f21888a9342abffc3a26209b05f,38,37,0x9dc2f9c2d944578420cdc8237cf3264d403355f7,0x7a250d5630b4cf539739df2c5dacb4c659f2488d,0,209297,150000000000,0x18cbafe500000000000000000000000000000000000000000000014542ba12a337c0000000000000000000000000000000000000000000000000000441d01525a8bf73fe00000000000000000000000000000000000000000000000000000000000000a00000000000000000000000009dc2f9c2d944578420cdc8237cf3264d403355f7000000000000000000000000000000000000000000000000000000005f70bcf90000000000000000000000000000000000000000000000000000000000000002000000000000000000000000c011a73ee8576fb46f5e1c5751ca3b9fe0af2a6f000000000000000000000000c02aaa39b223fe8d0a0e5c4f27ead9083c756cc2,0x18cbafe5,"swapExactTokensForETH(uint256 amountIn, uint256 amountOutMin, address[] path, address to, uint256 deadline)",,4736668,1,164988,14451058,0
10945595,0xc8a4dc960d45ee26ed5e97e63a765d64bed27126ca1c9a08babe6aa4b067cd47,1601222853,0x5e767696beabcd86cf671169ebb7ec83bcf030a656a1f36bd338e2ebc9fa2214,39,77,0x9dc2f9c2d944578420cdc8237cf3264d403355f7,0x7a250d5630b4cf539739df2c5dacb4c659f2488d,0,209270,150000000000,0x18cbafe500000000000000000000000000000000000000000000003635c9adc5dea00000000000000000000000000000000000000000000000000000b99d3bca9b471faf00000000000000000000000000000000000000000000000000000000000000a00000000000000000000000009dc2f9c2d944578420cdc8237cf3264d403355f7000000000000000000000000000000000000000000000000000000005f70bd580000000000000000000000000000000000000000000000000000000000000002000000000000000000000000c011a73ee8576fb46f5e1c5751ca3b9fe0af2a6f000000000000000000000000c02aaa39b223fe8d0a0e5c4f27ead9083c756cc2,0x18cbafe5,"swapExactTokensForETH(uint256 amountIn, uint256 amountOutMin, address[] path, address to, uint256 deadline)",,5640485,0,29102,14451052,1
10945597,0xe7d1e76f0b66654ab1c1cec9cf53bbb8c14d2f1ff53c6a37a6967a10a8b52289,1601222950,0xd082341c3519902115b1f959f08bb41480e40e3d40399696138d4cef0fa2924f,40,39,0x9dc2f9c2d944578420cdc8237cf3264d403355f7,0x7a250d5630b4cf539739df2c5dacb4c659f2488d,0,209270,150000000000,0x18cbafe500000000000000000000000000000000000000000000003635c9adc5dea00000000000000000000000000000000000000000000000000000b908f7f887ce597500000000000000000000000000000000000000000000000000000000000000a00000000000000000000000009dc2f9c2d944578420cdc8237cf3264d403355f7000000000000000000000000000000000000000000000000000000005f70bd750000000000000000000000000000000000000000000000000000000000000002000000000000000000000000c011a73ee8576fb46f5e1c5751ca3b9fe0af2a6f000000000000000000000000c02aaa39b223fe8d0a0e5c4f27ead9083c756cc2,0x18cbafe5,"swapExactTokensForETH(uint256 amountIn, uint256 amountOutMin, address[] path, address to, uint256 deadline)",,3563429,1,176980,14451050,0
10945601,0xb1ce7818bffb914832d08c770fabfe63d787399e50fefdd5c60897b1eabdf55d,1601222998,0x4150a6ceee2aa8995afd458d178cc3743270763110ae6d44e5f50347ff907007,41,41,0x9dc2f9c2d944578420cdc8237cf3264d403355f7,0x7a250d5630b4cf539739df2c5dacb4c659f2488d,0,209283,150000000000,0x18cbafe500000000000000000000000000000000000000000000006c6b935b8bbd4000000000000000000000000000000000000000000000000000016fe8180198b1a4bb00000000000000000000000000000000000000000000000000000000000000a00000000000000000000000009dc2f9c2d944578420cdc8237cf3264d403355f7000000000000000000000000000000000000000000000000000000005f70bdee0000000000000000000000000000000000000000000000000000000000000002000000000000000000000000c011a73ee8576fb46f5e1c5751ca3b9fe0af2a6f000000000000000000000000c02aaa39b223fe8d0a0e5c4f27ead9083c756cc2,0x18cbafe5,"swapExactTokensForETH(uint256 amountIn, uint256 amountOutMin, address[] path, address to, uint256 deadline)",,3755514,1,164976,14451046,0
10945603,0x565efe04c27cb8ca03112f387b9fca90e4551e40bfe67e53cc659252dafc587a,1601223046,0xdade1754caa12c732c6a3aa1877804efb430ea7f00f344301540a7376805cdfa,42,76,0x9dc2f9c2d944578420cdc8237cf3264d403355f7,0x7a250d5630b4cf539739df2c5dacb4c659f2488d,0,209270,150000000000,0x18cbafe500000000000000000000000000000000000000000000003635c9adc5dea00000000000000000000000000000000000000000000000000000b86d3a485b517d7f00000000000000000000000000000000000000000000000000000000000000a00000000000000000000000009dc2f9c2d944578420cdc8237cf3264d403355f7000000000000000000000000000000000000000000000000000000005f70be060000000000000000000000000000000000000000000000000000000000000002000000000000000000000000c011a73ee8576fb46f5e1c5751ca3b9fe0af2a6f000000000000000000000000c02aaa39b223fe8d0a0e5c4f27ead9083c756cc2,0x18cbafe5,"swapExactTokensForETH(uint256 amountIn, uint256 amountOutMin, address[] path, address to, uint256 deadline)",,5555473,1,176980,14451044,0
10945608,0x18205cdf3d0def740c99cae9afd6f949b3e31844b1e4190e89072177ab354cc3,1601223171,0x0434e37ad2edd7d132e0f711e60651cea7043dceff5aa0ec04d82f02b239cece,43,101,0x9dc2f9c2d944578420cdc8237cf3264d403355f7,0x7a250d5630b4cf539739df2c5dacb4c659f2488d,0,222488,150000000000,0x18cbafe500000000000000000000000000000000000000000000003635c9adc5dea00000000000000000000000000000000000000000000000000000b778cb9fd5daf9c800000000000000000000000000000000000000000000000000000000000000a00000000000000000000000009dc2f9c2d944578420cdc8237cf3264d403355f7000000000000000000000000000000000000000000000000000000005f70be5c0000000000000000000000000000000000000000000000000000000000000002000000000000000000000000c011a73ee8576fb46f5e1c5751ca3b9fe0af2a6f000000000000000000000000c02aaa39b223fe8d0a0e5c4f27ead9083c756cc2,0x18cbafe5,"swapExactTokensForETH(uint256 amountIn, uint256 amountOutMin, address[] path, address to, uint256 deadline)",,6756212,1,164964,14451039,0
10945609,0xa5edf1e1c2695b7e9770e22e770de15ec3518b30ec9a11f1c7383c69a828eb69,1601223217,0x00f8d42e5ab009bf3681477ec870d2ee44ddd1760f065c8c773f584c77d82602,44,67,0x9dc2f9c2d944578420cdc8237cf3264d403355f7,0x7a250d5630b4cf539739df2c5dacb4c659f2488d,0,209270,150000000000,0x18cbafe500000000000000000000000000000000000000000000003635c9adc5dea00000000000000000000000000000000000000000000000000000b6fe195a4feb9d5100000000000000000000000000000000000000000000000000000000000000a00000000000000000000000009dc2f9c2d944578420cdc8237cf3264d403355f7000000000000000000000000000000000000000000000000000000005f70beb30000000000000000000000000000000000000000000000000000000000000002000000000000000000000000c011a73ee8576fb46f5e1c5751ca3b9fe0af2a6f000000000000000000000000c02aaa39b223fe8d0a0e5c4f27ead9083c756cc2,0x18cbafe5,"swapExactTokensForETH(uint256 amountIn, uint256 amountOutMin, address[] path, address to, uint256 deadline)",,4986936,1,176980,14451038,0
10945611,0x8f00ac66d6b5a7d4f5a7014a5b682f2461851371d4b0eca04bb4c831239f867d,1601223267,0xde9ebacd364df707e59ef9b8980dee5b2f33aef190e8b91777224c6888b7e201,45,57,0x9dc2f9c2d944578420cdc8237cf3264d403355f7,0x7a250d5630b4cf539739df2c5dacb4c659f2488d,0,209270,150000000000,0x18cbafe500000000000000000000000000000000000000000000003635c9adc5dea00000000000000000000000000000000000000000000000000000b5443a6810461b4f00000000000000000000000000000000000000000000000000000000000000a00000000000000000000000009dc2f9c2d944578420cdc8237cf3264d403355f7000000000000000000000000000000000000000000000000000000005f70bee10000000000000000000000000000000000000000000000000000000000000002000000000000000000000000c011a73ee8576fb46f5e1c5751ca3b9fe0af2a6f000000000000000000000000c02aaa39b223fe8d0a0e5c4f27ead9083c756cc2,0x18cbafe5,"swapExactTokensForETH(uint256 amountIn, uint256 amountOutMin, address[] path, address to, uint256 deadline)",,3893536,1,160764,14451036,0
10945618,0x50e5767f9b1c4b9e7ef3c44be714705674c6c65a7f572f6ecc88f186ef380742,1601223317,0x34d6fc6b046b77b27f8d8d78a8a307e555fa8f72ab5f03590d0ee3bc57d72b42,46,60,0x9dc2f9c2d944578420cdc8237cf3264d403355f7,0x7a250d5630b4cf539739df2c5dacb4c659f2488d,0,222488,150000000000,0x18cbafe500000000000000000000000000000000000000000000003635c9adc5dea00000000000000000000000000000000000000000000000000000b4f8e993173f47b600000000000000000000000000000000000000000000000000000000000000a00000000000000000000000009dc2f9c2d944578420cdc8237cf3264d403355f7000000000000000000000000000000000000000000000000000000005f70bf020000000000000000000000000000000000000000000000000000000000000002000000000000000000000000c011a73ee8576fb46f5e1c5751ca3b9fe0af2a6f000000000000000000000000c02aaa39b223fe8d0a0e5c4f27ead9083c756cc2,0x18cbafe5,"swapExactTokensForETH(uint256 amountIn, uint256 amountOutMin, address[] path, address to, uint256 deadline)",,5784527,1,160764,14451029,0
10945622,0x45461f386016292b3798ea5c5d2cadb980105040777d39892552d35e3124c735,1601223379,0xb87e034046ef0cbd1a344ff9f4fe8173ddf2e5dd0d4038cf2c22d5b0b1d3c500,47,19,0x9dc2f9c2d944578420cdc8237cf3264d403355f7,0x7a250d5630b4cf539739df2c5dacb4c659f2488d,0,217868,150000000000,0x18cbafe500000000000000000000000000000000000000000000003635c9adc5dea00000000000000000000000000000000000000000000000000000b5192475d9eac08100000000000000000000000000000000000000000000000000000000000000a00000000000000000000000009dc2f9c2d944578420cdc8237cf3264d403355f7000000000000000000000000000000000000000000000000000000005f70bf600000000000000000000000000000000000000000000000000000000000000002000000000000000000000000c011a73ee8576fb46f5e1c5751ca3b9fe0af2a6f000000000000000000000000c02aaa39b223fe8d0a0e5c4f27ead9083c756cc2,0x18cbafe5,"swapExactTokensForETH(uint256 amountIn, uint256 amountOutMin, address[] path, address to, uint256 deadline)",,6702717,1,176980,14451025,0
10945627,0x7bd253ef742882f0c335a9321f8a1a77ee92f31defcd42f1ef651737d736e26d,1601223417,0x6e0f8e00edea6137cbea7372d427e3321e2ac44b3b0c4c27948d889b2afbc276,48,62,0x9dc2f9c2d944578420cdc8237cf3264d403355f7,0x7a250d5630b4cf539739df2c5dacb4c659f2488d,0,222488,150000000000,0x18cbafe500000000000000000000000000000000000000000000003635c9adc5dea00000000000000000000000000000000000000000000000000000b7a047dd40c981a200000000000000000000000000000000000000000000000000000000000000a00000000000000000000000009dc2f9c2d944578420cdc8237cf3264d403355f7000000000000000000000000000000000000000000000000000000005f70bf8b0000000000000000000000000000000000000000000000000000000000000002000000000000000000000000c011a73ee8576fb46f5e1c5751ca3b9fe0af2a6f000000000000000000000000c02aaa39b223fe8d0a0e5c4f27ead9083c756cc2,0x18cbafe5,"swapExactTokensForETH(uint256 amountIn, uint256 amountOutMin, address[] path, address to, uint256 deadline)",,7779259,1,164964,14451020,0
10945631,0xbf11b41c930116aad4472b4f7b4f937a3663e52987b8da2eefc3e159c4d6aeb4,1601223464,0x8f6ede12b0ff8e2a277e9366c7cc144ea25aec02a2640b586033a9865be2d809,49,26,0x9dc2f9c2d944578420cdc8237cf3264d403355f7,0x7a250d5630b4cf539739df2c5dacb4c659f2488d,0,222488,150000000000,0x18cbafe500000000000000000000000000000000000000000000003635c9adc5dea00000000000000000000000000000000000000000000000000000b7f37adbc7641c8400000000000000000000000000000000000000000000000000000000000000a00000000000000000000000009dc2f9c2d944578420cdc8237cf3264d403355f7000000000000000000000000000000000000000000000000000000005f70bfc30000000000000000000000000000000000000000000000000000000000000002000000000000000000000000c011a73ee8576fb46f5e1c5751ca3b9fe0af2a6f000000000000000000000000c02aaa39b223fe8d0a0e5c4f27ead9083c756cc2,0x18cbafe5,"swapExactTokensForETH(uint256 amountIn, uint256 amountOutMin, address[] path, address to, uint256 deadline)",,3563042,1,176980,14451016,0
10945633,0x2e6a7066762d4629b3247f6f5d3792c541e3cdb5c7b0f5b9f7daa8157ca7c48c,1601223497,0x50dbcfe68747364e728210ee462a1646d0ed73cf7e9bed7f62fde2b75b208ca5,50,37,0x9dc2f9c2d944578420cdc8237cf3264d403355f7,0x7a250d5630b4cf539739df2c5dacb4c659f2488d,0,209270,150000000000,0x18cbafe500000000000000000000000000000000000000000000003635c9adc5dea00000000000000000000000000000000000000000000000000000b6ba0b3bf59ee13d00000000000000000000000000000000000000000000000000000000000000a00000000000000000000000009dc2f9c2d944578420cdc8237cf3264d403355f7000000000000000000000000000000000000000000000000000000005f70bfd80000000000000000000000000000000000000000000000000000000000000002000000000000000000000000c011a73ee8576fb46f5e1c5751ca3b9fe0af2a6f000000000000000000000000c02aaa39b223fe8d0a0e5c4f27ead9083c756cc2,0x18cbafe5,"swapExactTokensForETH(uint256 amountIn, uint256 amountOutMin, address[] path, address to, uint256 deadline)",,2734041,1,176980,14451014,0
10945637,0x54fcd5228406cc46198246e7948b46f1f72d25be2252907c066447b95445e2c5,1601223531,0x35f0d33b1bf3c8154bad4f0e005f063155060e20d3cc1d56b99cb98fd03a83b3,51,28,0x9dc2f9c2d944578420cdc8237cf3264d403355f7,0x7a250d5630b4cf539739df2c5dacb4c659f2488d,0,209270,150000000000,0x18cbafe500000000000000000000000000000000000000000000003635c9adc5dea00000000000000000000000000000000000000000000000000000b6ba0b3bf59ee13d00000000000000000000000000000000000000000000000000000000000000a00000000000000000000000009dc2f9c2d944578420cdc8237cf3264d403355f7000000000000000000000000000000000000000000000000000000005f70bfd80000000000000000000000000000000000000000000000000000000000000002000000000000000000000000c011a73ee8576fb46f5e1c5751ca3b9fe0af2a6f000000000000000000000000c02aaa39b223fe8d0a0e5c4f27ead9083c756cc2,0x18cbafe5,"swapExactTokensForETH(uint256 amountIn, uint256 amountOutMin, address[] path, address to, uint256 deadline)",,3268936,1,176980,14451010,0
10945641,0x5f902f9be3b7b509e17f9f04a87a61efc610a0a6e6e17a69f85117e81a2aa128,1601223569,0xcffaea061bb46edaad4d10a4b77988563ca17afd745c90c5e498cc54f76649aa,52,36,0x9dc2f9c2d944578420cdc8237cf3264d403355f7,0x7a250d5630b4cf539739df2c5dacb4c659f2488d,0,222488,150000000000,0x18cbafe500000000000000000000000000000000000000000000003635c9adc5dea00000000000000000000000000000000000000000000000000000b75f4afbf3e6fb7900000000000000000000000000000000000000000000000000000000000000a00000000000000000000000009dc2f9c2d944578420cdc8237cf3264d403355f7000000000000000000000000000000000000000000000000000000005f70c01b0000000000000000000000000000000000000000000000000000000000000002000000000000000000000000c011a73ee8576fb46f5e1c5751ca3b9fe0af2a6f000000000000000000000000c02aaa39b223fe8d0a0e5c4f27ead9083c756cc2,0x18cbafe5,"swapExactTokensForETH(uint256 amountIn, uint256 amountOutMin, address[] path, address to, uint256 deadline)",,2575885,0,29102,14451006,1
10945645,0x05803fcdae93e0b4036408f8d0e12da8327004ea86e48dfc07b8acc55d9aa11b,1601223608,0x5c6508ac31a8b60fe419f5606d4428b3ecb10ce270297bcb6cfe78b6cb42685e,53,52,0x9dc2f9c2d944578420cdc8237cf3264d403355f7,0x7a250d5630b4cf539739df2c5dacb4c659f2488d,0,222488,150000000000,0x18cbafe500000000000000000000000000000000000000000000003635c9adc5dea00000000000000000000000000000000000000000000000000000b5c2b2278f0a8e2d00000000000000000000000000000000000000000000000000000000000000a00000000000000000000000009dc2f9c2d944578420cdc8237cf3264d403355f7000000000000000000000000000000000000000000000000000000005f70c0410000000000000000000000000000000000000000000000000000000000000002000000000000000000000000c011a73ee8576fb46f5e1c5751ca3b9fe0af2a6f000000000000000000000000c02aaa39b223fe8d0a0e5c4f27ead9083c756cc2,0x18cbafe5,"swapExactTokensForETH(uint256 amountIn, uint256 amountOutMin, address[] path, address to, uint256 deadline)",,5444666,1,149964,14451002,0
10945697,0x82e634acb553600630304339cd7652c3778fb4d20dbbcfff476e6095a633428b,1601224435,0x7ab78ba8a99cd594eea07553f384d30b185639d81f236b5a82c0a955053c518e,54,11,0x9dc2f9c2d944578420cdc8237cf3264d403355f7,0x00600423c03ec4b46f9b8a28c66d42bdd1b19c36,1060000000000000000000,21000,150000000000,0x,0x,,,595241,1,21000,14450950,0
10951655,0x7a6b4c3120343443e9bbaed88123184a2d2a1e504098bffc3f2923266b507647,1601305691,0xe40f63fb6339f1b88b3cfd7ab8966bfed1e0afe289295ec1826b141e9bc0a0b0,55,107,0x9dc2f9c2d944578420cdc8237cf3264d403355f7,0x9dc2f9c2d944578420cdc8237cf3264d403355f7,0,21000,148500000000,0x,0x,,,8128441,1,21000,14444992,0
10951677,0x867e8b1923c9a7b199c30a6e960eb3023e38b4414b0527e963482a28727807a2,1601305995,0xb93d396b8dbc306d09644070482175f1f24d60ce6f0c7acf3d6231471bd6dd05,56,74,0x9dc2f9c2d944578420cdc8237cf3264d403355f7,0x58b7ef78ad79caac657daee8abab6a0958ce625e,245294865458483882,21000,154000000000,0x,0x,,,4612559,1,21000,14444970,0
10953199,0x553ddf7f7356e806d2ea4b9ed212dd5a330185c1c029103e183fea0a5d077bb6,1601326399,0xfca4d53d94f6afe47c00a9142e97193a457d98592bc45c6f81cafdfb822b77cc,0,80,0x4170170260656ee74d610f68c7472d48a6d9c1b2,0x9dc2f9c2d944578420cdc8237cf3264d403355f7,200000000000000000,21000,95000000000,0x,0x,,,5152959,1,21000,14443448,0
10977595,0xc8b4a0f704f85805b425a80c1184befff41bc7f6f1fa4e2f0c3704156176c3bd,1601654979,0x023105a050c5efc4932514962050b14bb064fe97f9c47e71d7090919e433bbb9,57,141,0x9dc2f9c2d944578420cdc8237cf3264d403355f7,0xe662d4a8a98cb34eb519413dc76327ea406a9836,197942000000000000,21000,98000000000,0x,0x,,,8017128,1,21000,14419052,0
