source,target,transaction_type,amount,tokenSymbol,contractAddress,hash,timeStamp,label
0x6c6bc977e13df9b0de53b251522280bb72383700,0x11e4857bb9993a50c685a79afad4e6f65d518dda,erc20,5.0680318515446565,DAI,0x6b175474e89094c44da98b954eedeac495271d0f,0x06e53c0e241686b10a7e3aa5d3af706144a486d291e2036489ed0c4b62f75cdd,1620159937,candidate_layering
0x6c6bc977e13df9b0de53b251522280bb72383700,0x3b8ccaa89fcd432f1334d35b10ff8547001ce3e5,erc20,9.994027,USDC,0xa0b86991c6218b36c1d19d4a2e9eb0ce3606eb48,0x83f0e6c10439fe18108b7431a00fed8aad92d6028441251d85fac254f5c1de28,1620160334,candidate_layering
0x6c6bc977e13df9b0de53b251522280bb72383700,0xdd0d6c26a03d6f6541471d44179f56d478f50f6b,erc20,33.45211536462448,DAI,0x6b175474e89094c44da98b954eedeac495271d0f,0x2d4763faa40fc2d6cdf7f8afeab5448c755ce327908546ce019ded583fab068f,1620160731,candidate_layering
0x6c6bc977e13df9b0de53b251522280bb72383700,0x3b8ccaa89fcd432f1334d35b10ff8547001ce3e5,erc20,9.994201,USDC,0xa0b86991c6218b36c1d19d4a2e9eb0ce3606eb48,0xffd91d9f0c9266852818e1663d90273488cf4b534d59c4cda269f54daa4cf434,1620161205,candidate_layering
0x6c6bc977e13df9b0de53b251522280bb72383700,0x11e4857bb9993a50c685a79afad4e6f65d518dda,erc20,49.978989343669475,DAI,0x6b175474e89094c44da98b954eedeac495271d0f,0xae4c827e8f983bdcbf59c4901d79c3d3f8cdb23e6e50e0c972253d5aa76eca9e,1620177328,candidate_layering
0x6c6bc977e13df9b0de53b251522280bb72383700,0x11e4857bb9993a50c685a79afad4e6f65d518dda,erc20,4934.900266531088,DAI,0x6b175474e89094c44da98b954eedeac495271d0f,0x0737a5f81f0714c3ddbb063c5d40cd6d2c2b62c16a46c56bd3766cbe240af53d,1620186114,candidate_layering
0x6c6bc977e13df9b0de53b251522280bb72383700,0x11e4857bb9993a50c685a79afad4e6f65d518dda,erc20,4962.651117,USDC,0xa0b86991c6218b36c1d19d4a2e9eb0ce3606eb48,0x0737a5f81f0714c3ddbb063c5d40cd6d2c2b62c16a46c56bd3766cbe240af53d,1620186114,candidate_layering
0x6c6bc977e13df9b0de53b251522280bb72383700,0x0459b3fbf7c1840ee03a63ca4aa95de48322322e,erc20,164.62384361830098,DAI,0x6b175474e89094c44da98b954eedeac495271d0f,0x9a1c51b0bffbf840948f3b6e3f3e495ba1cd3fa64854f9842c4236c4945f8910,1620203006,candidate_layering
0x6c6bc977e13df9b0de53b251522280bb72383700,0xc9c01bc57186a5f0981c4e6f4884beaeb562e532,erc20,999.5361919352712,DAI,0x6b175474e89094c44da98b954eedeac495271d0f,0xdf00331d8d96d68a352f8a4497d394a461c5f17714177f9d386522a7e8005d4b,1620237271,candidate_layering
0x6c6bc977e13df9b0de53b251522280bb72383700,0xe592427a0aece92de3edee1f18e0157c05861564,erc20,10682.019392695845,DAI,0x6b175474e89094c44da98b954eedeac495271d0f,0xb349853fe3e9c6069d8264202c9d68ad5b737919f0caba061cd7cd1bb0ce5125,1620237603,candidate_layering
0x6c6bc977e13df9b0de53b251522280bb72383700,0x830e804e9229580780baf95b61c66e3d1375a9fd,erc20,12358.558444,USDC,0xa0b86991c6218b36c1d19d4a2e9eb0ce3606eb48,0xf85abe4cf61db65ea2230943562ac1cedb9c66ee3e481bdb6cf3a1edb1104e23,1620240133,candidate_layering
0x6c6bc977e13df9b0de53b251522280bb72383700,0x45698cdcc733cba4f8b1150c2f580587adf1df92,erc20,839.560525,USDC,0xa0b86991c6218b36c1d19d4a2e9eb0ce3606eb48,0xe6e693fa89bd011833c9d40e9660be0d43cabe115fd3b1f7ea74b2844d73cac8,1620240206,candidate_layering
0x6c6bc977e13df9b0de53b251522280bb72383700,0x6ee02cc6acfc6af5912499ee265b92b195b49e44,erc20,1719.3187674912554,DAI,0x6b175474e89094c44da98b954eedeac495271d0f,0xe14eafeb38a8f831837e63f3312950f0dccc035d56a418ad7a133d021adba6f3,1620240368,candidate_layering
0x6c6bc977e13df9b0de53b251522280bb72383700,0xe592427a0aece92de3edee1f18e0157c05861564,erc20,10991.662718190408,DAI,0x6b175474e89094c44da98b954eedeac495271d0f,0x871724bb54f18057896b6fde06e3afa0b709e92ab7d304066f51ef2860b0cf4b,1620240554,candidate_layering
0x6c6bc977e13df9b0de53b251522280bb72383700,0xe592427a0aece92de3edee1f18e0157c05861564,erc20,299.994635,USDC,0xa0b86991c6218b36c1d19d4a2e9eb0ce3606eb48,0x608455c8b14f98eef111dedc05bc9f1306df16f97b64071a0cfd02260fd513db,1620240579,candidate_layering
0x6c6bc977e13df9b0de53b251522280bb72383700,0xe592427a0aece92de3edee1f18e0157c05861564,erc20,349.28329386984734,DAI,0x6b175474e89094c44da98b954eedeac495271d0f,0x0d7c131d660cb13ab63fd7684ce43cfc28d552eeac2c25e30122f3dd0f2df6fb,1620240647,candidate_layering
0x6c6bc977e13df9b0de53b251522280bb72383700,0xc2e9f25be6257c210d7adf0d4cd6e3e881ba25f8,erc20,681.7672697894474,DAI,0x6b175474e89094c44da98b954eedeac495271d0f,0x95901e74ee8d0b7a14affa2bd2d9e93f6cda4bc965d83e2ef0c39183df6ff4b9,1620240659,candidate_layering
0x6c6bc977e13df9b0de53b251522280bb72383700,0xc2e9f25be6257c210d7adf0d4cd6e3e881ba25f8,erc20,1022.8953363655576,DAI,0x6b175474e89094c44da98b954eedeac495271d0f,0x55daaf14d8aa9d1b5bb4adc5c793ea2d27a2cf908dab7ad162bf9bbda674b242,1620240854,candidate_layering
0x6c6bc977e13df9b0de53b251522280bb72383700,0x18b9e8f4d85b9482c3e6961880f6a9a3e055ec02,erc20,154.84463674901426,DAI,0x6b175474e89094c44da98b954eedeac495271d0f,0xf37cdc143638c0cf75d0aceb21ea094b66c220a6abccdcbea484fc36b899d56c,1620240859,candidate_layering
0x6c6bc977e13df9b0de53b251522280bb72383700,0x0bc75db0d11969bbea1bc48e729e747362408232,erc20,85.3052048009909,DAI,0x6b175474e89094c44da98b954eedeac495271d0f,0xd8a66305c5eaae69ae5ff92733c2cecba229ed1ce4dbf9e8d32229adc34118e3,1620240866,candidate_layering
0x6c6bc977e13df9b0de53b251522280bb72383700,0xe592427a0aece92de3edee1f18e0157c05861564,erc20,1648.3409536570555,DAI,0x6b175474e89094c44da98b954eedeac495271d0f,0x9b9649bb291d2275f5d7999b1c014cbbb29288ac29593f36e188fa6230e22acf,1620241167,candidate_layering
0x6c6bc977e13df9b0de53b251522280bb72383700,0x92818156fb6f4d496ac7d2c97496d6daaee88c21,erc20,1996.4496191664034,DAI,0x6b175474e89094c44da98b954eedeac495271d0f,0xf24a84f7c60ea872653c87951408ed1c757d7f99997d7cc6d0e87e0bbc559f6e,1620241274,candidate_layering
0x6c6bc977e13df9b0de53b251522280bb72383700,0x92818156fb6f4d496ac7d2c97496d6daaee88c21,erc20,2461.236793,USDC,0xa0b86991c6218b36c1d19d4a2e9eb0ce3606eb48,0xf24a84f7c60ea872653c87951408ed1c757d7f99997d7cc6d0e87e0bbc559f6e,1620241274,candidate_layering
0x6c6bc977e13df9b0de53b251522280bb72383700,0xe592427a0aece92de3edee1f18e0157c05861564,erc20,678.9918575766013,DAI,0x6b175474e89094c44da98b954eedeac495271d0f,0xcbab67c1098be923dcf79ebf1852b54fb65dd3621216b3d0df3dbd52363de23a,1620241329,candidate_layering
0x6c6bc977e13df9b0de53b251522280bb72383700,0x1a51120f91253c420122bb9a000027416c494a46,erc20,4994.953402422849,DAI,0x6b175474e89094c44da98b954eedeac495271d0f,0x04bc64c3804e1cd75ccd52be504f30c13ce9ec8f657a7e36121d3da48c427121,1620241385,candidate_layering
0x6c6bc977e13df9b0de53b251522280bb72383700,0xe592427a0aece92de3edee1f18e0157c05861564,erc20,14987.427181063867,DAI,0x6b175474e89094c44da98b954eedeac495271d0f,0x8e60bbba40de3a5467e280d79b8cb036236b16d68cad92e919f5ac46296b89c6,1620241417,candidate_layering
0x6c6bc977e13df9b0de53b251522280bb72383700,0xc2e9f25be6257c210d7adf0d4cd6e3e881ba25f8,erc20,6844.204007526523,DAI,0x6b175474e89094c44da98b954eedeac495271d0f,0xbdc364d4f25e8a1610d48ad56799f167832cf1225af2ca768ff2e148b026889e,1620241528,candidate_layering
0x6c6bc977e13df9b0de53b251522280bb72383700,0xe592427a0aece92de3edee1f18e0157c05861564,erc20,6168.607526780261,DAI,0x6b175474e89094c44da98b954eedeac495271d0f,0xe371c4190b92d967490ee1e7b0bb874ed80d5c5ec8e03e3bc0bcef7804c3188c,1620241611,candidate_layering
0x6c6bc977e13df9b0de53b251522280bb72383700,0x7ff58622e361018cda2b13d9a6ae26550da04148,erc20,16400.503084,USDC,0xa0b86991c6218b36c1d19d4a2e9eb0ce3606eb48,0x1fe15b4f43ecd33878c528857e996d6286607c7e676d538365e9f39f2e3d7833,1620241617,candidate_layering
0x6c6bc977e13df9b0de53b251522280bb72383700,0xbfd2c7b0e0e18558439448c2dfd652d8cea6f97e,erc20,3993.6930270410908,DAI,0x6b175474e89094c44da98b954eedeac495271d0f,0xeda000e1a87d5eec54fee87d3c1aa9b26617bd2fb98cdfec9f4b58a4cb595edd,1620241791,candidate_layering
0x6c6bc977e13df9b0de53b251522280bb72383700,0xf748879edbe8cca140940788163d7be4d2a2e46a,erc20,60000.0,DAI,0x6b175474e89094c44da98b954eedeac495271d0f,0x8e3af2f11b3efca8bf16584787825a548117f8a0f1c5ba32711faf666dada04d,1620241803,candidate_layering
0x6c6bc977e13df9b0de53b251522280bb72383700,0x8b90be155c60b9e329082b03b5541b8546d69c81,erc20,629.45305,USDC,0xa0b86991c6218b36c1d19d4a2e9eb0ce3606eb48,0x3fb0ca0101dc6bf1a37489aeab14bfa0a166ce3b7865b51bd30dc0d77ae84dea,1620242337,candidate_layering
0x6c6bc977e13df9b0de53b251522280bb72383700,0x97f1305d211e1bf51631d422e88902187fffe23d,erc20,3408.757887596835,DAI,0x6b175474e89094c44da98b954eedeac495271d0f,0x94279976a16772525a90742c4634259d1692f94fc05f8fd5485785f7ca4b5fcd,1620242425,candidate_layering
0x6c6bc977e13df9b0de53b251522280bb72383700,0xe592427a0aece92de3edee1f18e0157c05861564,erc20,7177.177525187891,DAI,0x6b175474e89094c44da98b954eedeac495271d0f,0x965d9f88f36a144d56e1374c53404cb1ff783d3fc000f829ca60c6d5fe11189f,1620242551,candidate_layering
0x6c6bc977e13df9b0de53b251522280bb72383700,0xe592427a0aece92de3edee1f18e0157c05861564,erc20,79.91264596429308,DAI,0x6b175474e89094c44da98b954eedeac495271d0f,0x63c16d7b5289f1a39db020ee1ff40d2ef1d52913020aeba2a50c04063ff3f9c1,1620242600,candidate_layering
0x6c6bc977e13df9b0de53b251522280bb72383700,0xe592427a0aece92de3edee1f18e0157c05861564,erc20,24972.425483899297,DAI,0x6b175474e89094c44da98b954eedeac495271d0f,0x0dfd7191dc302909729a722ed630ed00b17762158c9f00227bf57c76d07143aa,1620242683,candidate_layering
0x6c6bc977e13df9b0de53b251522280bb72383700,0x240cf70d8a648be133feb342d71e5e81c686e5f8,erc20,42451.87341688311,DAI,0x6b175474e89094c44da98b954eedeac495271d0f,0x8a840b3950f88a5c8ff1b236a80420ecc3c5163f62165a1bfd3c101c48a78b70,1620243313,candidate_layering
0x6c6bc977e13df9b0de53b251522280bb72383700,0xf1fced5b0475a935b49b95786adbda2d40794d2d,erc20,1698.0424242463328,DAI,0x6b175474e89094c44da98b954eedeac495271d0f,0x1249ec8e9a47c5ab55020da870538cfebdc0a1d6851de84ce5389eba0c8f3beb,1620243313,candidate_layering
0x6c6bc977e13df9b0de53b251522280bb72383700,0x92818156fb6f4d496ac7d2c97496d6daaee88c21,erc20,118246.81048598813,DAI,0x6b175474e89094c44da98b954eedeac495271d0f,0xa634ecd10a4cd21ba2a498518c07ba2e6f1edf7c6f8802a42bcf2d255db7d977,1620243419,candidate_layering
0x6c6bc977e13df9b0de53b251522280bb72383700,0x92818156fb6f4d496ac7d2c97496d6daaee88c21,erc20,112275.22629,USDC,0xa0b86991c6218b36c1d19d4a2e9eb0ce3606eb48,0xa634ecd10a4cd21ba2a498518c07ba2e6f1edf7c6f8802a42bcf2d255db7d977,1620243419,candidate_layering
0x6c6bc977e13df9b0de53b251522280bb72383700,0x83334ef0c6f6396413c508a7762741e9fd8b20e9,erc20,3420.790039082203,DAI,0x6b175474e89094c44da98b954eedeac495271d0f,0x358f3211183bea1cc4236e8ebd989fbd4418be3f36774029a8a7c8ea25fd7645,1620243423,candidate_layering
0x6c6bc977e13df9b0de53b251522280bb72383700,0x83334ef0c6f6396413c508a7762741e9fd8b20e9,erc20,3413.120713540758,DAI,0x6b175474e89094c44da98b954eedeac495271d0f,0xaa80c558d2c55b7da85f52bf4afca014be174a8e63b2948049b04d70baa00547,1620243448,candidate_layering
0x6c6bc977e13df9b0de53b251522280bb72383700,0xe592427a0aece92de3edee1f18e0157c05861564,erc20,19976.660396241852,DAI,0x6b175474e89094c44da98b954eedeac495271d0f,0x04fe9e4b0275d8b10b0af32b9d7ed5faf201a0f118461c28bdc268ea58af0607,1620243472,candidate_layering
0x6c6bc977e13df9b0de53b251522280bb72383700,0x47e84636928922ce8904c3d89bb92e0e3cd1bc63,erc20,516.191823,USDC,0xa0b86991c6218b36c1d19d4a2e9eb0ce3606eb48,0x56d26c39aa2732b8dc177ca61080aaacb33d5793b82adc9fd089b3b6b12a055e,1620243610,candidate_layering
0x6c6bc977e13df9b0de53b251522280bb72383700,0x4b727eeefa1c0db4240e3ea0b0adecfa59bd90d7,erc20,1944.340096,USDC,0xa0b86991c6218b36c1d19d4a2e9eb0ce3606eb48,0xde4b19ac74fc91bba3410ccb564733ad033198e98691c43de8a67b12c4ba355d,1620244333,candidate_layering
0x6c6bc977e13df9b0de53b251522280bb72383700,0xe592427a0aece92de3edee1f18e0157c05861564,erc20,499.4130456962769,DAI,0x6b175474e89094c44da98b954eedeac495271d0f,0x8e16dc4d2776e2a3de751644b5c174eb7530eb0719daf0474570a54cf102a9ec,1620244686,candidate_layering
0x6c6bc977e13df9b0de53b251522280bb72383700,0xf1fced5b0475a935b49b95786adbda2d40794d2d,erc20,3458.9549745702166,DAI,0x6b175474e89094c44da98b954eedeac495271d0f,0x95671eaff15758ff7c16dab0aced1f24dda7386bb38db5488ff7d771ee5f3c3f,1620244687,candidate_layering
0x6c6bc977e13df9b0de53b251522280bb72383700,0xe592427a0aece92de3edee1f18e0157c05861564,erc20,12443.450799095963,DAI,0x6b175474e89094c44da98b954eedeac495271d0f,0x57816cf94c8bf3e23a1ad4e5498b2f2783f780dfd115c85e55a74e2645f6f978,1620244750,candidate_layering
0x6c6bc977e13df9b0de53b251522280bb72383700,0xf8f988ee9a1f1e9cc39222284726c5a7a0c15766,erc20,25446.02284344904,DAI,0x6b175474e89094c44da98b954eedeac495271d0f,0x1f5243ab964666a1f9230cda551a26aee03ea3bd5e5000d7c7039b3405b57411,1620244768,candidate_layering
0x6c6bc977e13df9b0de53b251522280bb72383700,0xf8f988ee9a1f1e9cc39222284726c5a7a0c15766,erc20,20963.911582255758,DAI,0x6b175474e89094c44da98b954eedeac495271d0f,0x79778a8a4d82ebce7945a11f7e9343776864165a38f82748920690b668da9b4c,1620245018,candidate_layering
0x6c6bc977e13df9b0de53b251522280bb72383700,0x84ab7e96bca676030d35c575e47118c43a78de4a,erc20,699.1427744861772,DAI,0x6b175474e89094c44da98b954eedeac495271d0f,0x781cd7500d1f56d457415d497582732099df1352a72bf28772a5c15e8a22a0a6,1620245349,candidate_layering
0x6c6bc977e13df9b0de53b251522280bb72383700,0x11f1ee821a5370544c5553c234be3e33a27f8933,erc20,561.749159,USDC,0xa0b86991c6218b36c1d19d4a2e9eb0ce3606eb48,0x3f2c2fd99e550aa8d5b4ac03f03977ff08d699e8cd37b7a2c51bc633a6de4787,1620245358,candidate_layering
0x6c6bc977e13df9b0de53b251522280bb72383700,0x455d7eb74860d0937423b9184f9e8461aa354ebb,erc20,671753.2426203258,DAI,0x6b175474e89094c44da98b954eedeac495271d0f,0xe4b65952ed9ef3361a18025fb8960e72d774afa7dcd89d61638a137e5a397cc4,1620245409,candidate_layering
0x6c6bc977e13df9b0de53b251522280bb72383700,0x455d7eb74860d0937423b9184f9e8461aa354ebb,erc20,1311990.222398,USDC,0xa0b86991c6218b36c1d19d4a2e9eb0ce3606eb48,0xe4b65952ed9ef3361a18025fb8960e72d774afa7dcd89d61638a137e5a397cc4,1620245409,candidate_layering
0x6c6bc977e13df9b0de53b251522280bb72383700,0xe592427a0aece92de3edee1f18e0157c05861564,erc20,2587.269480448111,DAI,0x6b175474e89094c44da98b954eedeac495271d0f,0xe53f40871c5d6429d38d18743a9b78865d5bb4ddd304aaf81f59aa97911cf3d5,1620245634,candidate_layering
0x6c6bc977e13df9b0de53b251522280bb72383700,0x0d4aea0f52513c5f18299b0721cdb31565cb673f,erc20,629.2219226355018,DAI,0x6b175474e89094c44da98b954eedeac495271d0f,0x2b3ecc44d2af5da4e9e61a84f3b75f6a4afd10566bc56b8638c514e305a827e7,1620246270,candidate_layering
0x6c6bc977e13df9b0de53b251522280bb72383700,0xa4023dc79111202210fdfe1571d440701ca08857,erc20,1499.455376,USDC,0xa0b86991c6218b36c1d19d4a2e9eb0ce3606eb48,0x002714b238e382b1fdb3faed2da21fd2e97df2872659b93cdbcefeb7eac2d7f8,1620246582,candidate_layering
0x6c6bc977e13df9b0de53b251522280bb72383700,0x240cf70d8a648be133feb342d71e5e81c686e5f8,erc20,40996.87386889483,DAI,0x6b175474e89094c44da98b954eedeac495271d0f,0x65c9ef6e5edb1c0a71f9891ec4bd3f4214fb2fa32f37db2bc0eb5a16bda78064,1620246822,candidate_layering
0x6c6bc977e13df9b0de53b251522280bb72383700,0x240cf70d8a648be133feb342d71e5e81c686e5f8,erc20,32783.381885,USDC,0xa0b86991c6218b36c1d19d4a2e9eb0ce3606eb48,0x65c9ef6e5edb1c0a71f9891ec4bd3f4214fb2fa32f37db2bc0eb5a16bda78064,1620246822,candidate_layering
0x6c6bc977e13df9b0de53b251522280bb72383700,0x5366ff641d357a418650bb7f263ffe576c10e2b5,erc20,3998.061021,USDC,0xa0b86991c6218b36c1d19d4a2e9eb0ce3606eb48,0x6f5519f5a4a10a9933756702670a58867fc117e30e888bd98c36af9c96d47cb3,1620246822,candidate_layering
0x6c6bc977e13df9b0de53b251522280bb72383700,0xf748879edbe8cca140940788163d7be4d2a2e46a,erc20,106921.66415235597,DAI,0x6b175474e89094c44da98b954eedeac495271d0f,0x475c6c28b96a95ce728f652d58194eada2082f5921e032570702a94b88baaac5,1620246857,candidate_layering
0x6c6bc977e13df9b0de53b251522280bb72383700,0xf748879edbe8cca140940788163d7be4d2a2e46a,erc20,212401.03262,USDC,0xa0b86991c6218b36c1d19d4a2e9eb0ce3606eb48,0x475c6c28b96a95ce728f652d58194eada2082f5921e032570702a94b88baaac5,1620246857,candidate_layering
0x6c6bc977e13df9b0de53b251522280bb72383700,0xe592427a0aece92de3edee1f18e0157c05861564,erc20,106943.209673,USDC,0xa0b86991c6218b36c1d19d4a2e9eb0ce3606eb48,0x5548884ba474a6be47f729d99fed84558a841cb4f70e1eb72c2ba3a22cfc379d,1620246916,candidate_layering
0x6c6bc977e13df9b0de53b251522280bb72383700,0x18d79f84dd184f25f241ffdc0e111d2b5c62e5e9,erc20,450.0,USDC,0xa0b86991c6218b36c1d19d4a2e9eb0ce3606eb48,0xd8a9d873a245ac9375c87d1ab0576c32557ab15560349f6cf02ec3d66d7c33e9,1620247136,candidate_layering
0x6c6bc977e13df9b0de53b251522280bb72383700,0x1b7bf8dc6088aa724134397a3f292f1eeb3f0047,erc20,500.0,USDC,0xa0b86991c6218b36c1d19d4a2e9eb0ce3606eb48,0x0e8d549ad9764938a93e76f5caab0fde154ee48c123fc62b14bd81930ea93c44,1620247182,candidate_layering
0x6c6bc977e13df9b0de53b251522280bb72383700,0xedb0f06fd7426c673f3be226edd7394422d3fa7b,erc20,5487.694020325868,DAI,0x6b175474e89094c44da98b954eedeac495271d0f,0x6d00b7d72f6f5c6b228fc4cb41c87ebdc03dd95e0908137d4190d44c7fff759b,1620247619,candidate_layering
0x6c6bc977e13df9b0de53b251522280bb72383700,0xe592427a0aece92de3edee1f18e0157c05861564,erc20,499.4169801069333,DAI,0x6b175474e89094c44da98b954eedeac495271d0f,0x8826d1fd7903d27bf6a3ba6dfe17795c7ff5c90133b86ef62eb5c1295913eac8,1620248411,candidate_layering
0x6c6bc977e13df9b0de53b251522280bb72383700,0x59d6779eca6c91ed7679e261b54299b5155eadf0,erc20,5000.0,USDC,0xa0b86991c6218b36c1d19d4a2e9eb0ce3606eb48,0x43a9dd020ebdd06df9d398a9211cfa8f3d6fc111ca7c1399fe69f06306d08c68,1620248718,candidate_layering
0x6c6bc977e13df9b0de53b251522280bb72383700,0xe592427a0aece92de3edee1f18e0157c05861564,erc20,6667.085152,USDC,0xa0b86991c6218b36c1d19d4a2e9eb0ce3606eb48,0x93f84ec24f6e6a912d2958869d0260724fa7511d1a861a2729ff0174c6e936fd,1620249034,candidate_layering
0x6c6bc977e13df9b0de53b251522280bb72383700,0xf65312bd492729b06ec42589ded755d63193bbf4,erc20,500.38907474503407,DAI,0x6b175474e89094c44da98b954eedeac495271d0f,0x9b6de970001a14f1d7cb9cb9a9222f3a48b1ce48b0181386ac40247d5e1444e7,1620249499,candidate_layering
0x6c6bc977e13df9b0de53b251522280bb72383700,0xf65312bd492729b06ec42589ded755d63193bbf4,erc20,567.625422,USDC,0xa0b86991c6218b36c1d19d4a2e9eb0ce3606eb48,0x9b6de970001a14f1d7cb9cb9a9222f3a48b1ce48b0181386ac40247d5e1444e7,1620249499,candidate_layering
0x6c6bc977e13df9b0de53b251522280bb72383700,0x6683e277e4d031dce7cb8487d966e0d2191635e5,erc20,16492.345915,USDC,0xa0b86991c6218b36c1d19d4a2e9eb0ce3606eb48,0xc5f0662a1766742e13013fb74f881bf6a2016f10a9555435f03d98ee027b5998,1620250640,candidate_layering
0x6c6bc977e13df9b0de53b251522280bb72383700,0x175c46b304a1b03522e6c89fafd3bc7ca4b6d0bf,erc20,118015.392745,USDC,0xa0b86991c6218b36c1d19d4a2e9eb0ce3606eb48,0x7160e6fef97852860babcb069bf3f9f6b2af4123b7bb147fbc9035ac092b6188,1620250935,candidate_layering
0x6c6bc977e13df9b0de53b251522280bb72383700,0x175c46b304a1b03522e6c89fafd3bc7ca4b6d0bf,erc20,54376.775425307955,DAI,0x6b175474e89094c44da98b954eedeac495271d0f,0x2b8fe33e0fb71a616f0490a5fad75706e64fb25537c5f23e1358ab846ea03f62,1620251351,candidate_layering
0x6c6bc977e13df9b0de53b251522280bb72383700,0xe592427a0aece92de3edee1f18e0157c05861564,erc20,17502.187472,USDC,0xa0b86991c6218b36c1d19d4a2e9eb0ce3606eb48,0x38d7038a083f14be413c7616345d02b0da6bf87d873e4fb3c47f61382ae7498b,1620251390,candidate_layering
0x6c6bc977e13df9b0de53b251522280bb72383700,0xf2620f8c4bdc46a55d0e3f39569d0d154f5d1981,erc20,190.023063,USDC,0xa0b86991c6218b36c1d19d4a2e9eb0ce3606eb48,0x499365a67a0c11aa85fdb745929904b880c4d090ad23c1caa2410769dca94900,1620251586,candidate_layering
0x6c6bc977e13df9b0de53b251522280bb72383700,0xf63406b4295b6f78510782ef36b4fc6c298fca3b,erc20,3995.5128892723606,DAI,0x6b175474e89094c44da98b954eedeac495271d0f,0x8e4571737b59b095c76eab372c901fbeff00f29270643bc44c2e29f95b32e929,1620251632,candidate_layering
0x6c6bc977e13df9b0de53b251522280bb72383700,0xe2b52fc1ad49b93f85c45315ecbad740f17b0e8e,erc20,4690.572436,USDC,0xa0b86991c6218b36c1d19d4a2e9eb0ce3606eb48,0xe8f28a4e9929604e3f0db632b617740b181bbb9380fd7a11e9540c3619a591bd,1620251976,candidate_layering
0x6c6bc977e13df9b0de53b251522280bb72383700,0xb14fa22a90479e6e942cf3aec88f971f256738fa,erc20,28766.56882,USDC,0xa0b86991c6218b36c1d19d4a2e9eb0ce3606eb48,0x5fa716894cb8591eec35109c0497d04b4ebc9735424937157c321cf511bc2415,1620252036,candidate_layering
0x6c6bc977e13df9b0de53b251522280bb72383700,0x35bf90f9fa67c7a6a50b85c9e30a98e0eb2f09e0,erc20,104.116107,USDC,0xa0b86991c6218b36c1d19d4a2e9eb0ce3606eb48,0x70dda820372a9b433e75fa7b222b07721577c9d8746834c8d521992f1dfc640d,1620252166,candidate_layering
0x6c6bc977e13df9b0de53b251522280bb72383700,0xe592427a0aece92de3edee1f18e0157c05861564,erc20,500.054816,USDC,0xa0b86991c6218b36c1d19d4a2e9eb0ce3606eb48,0x4b01dad6ebc954505945c914926082272c242e5cf681eb2dcc02cc035d3ed549,1620252273,candidate_layering
0x6c6bc977e13df9b0de53b251522280bb72383700,0x81145aef0e4c35c876cbe62b01b2debe2eaeabfd,erc20,5000.542733,USDC,0xa0b86991c6218b36c1d19d4a2e9eb0ce3606eb48,0x0f852cab504b4d075224ef40e35d5097b429d6c3b7c7e18f72089fda91a8e6e2,1620253120,candidate_layering
0x6c6bc977e13df9b0de53b251522280bb72383700,0x8ad599c3a0ff1de082011efddc58f1908eb6e6d8,erc20,34385.617589,USDC,0xa0b86991c6218b36c1d19d4a2e9eb0ce3606eb48,0x1faada33e10b301c6186e4bf2ab25e0fbe8a809026f3124e63aa8a8ce891a2a9,1620253188,candidate_layering
0x6c6bc977e13df9b0de53b251522280bb72383700,0xe592427a0aece92de3edee1f18e0157c05861564,erc20,110015.34635646624,DAI,0x6b175474e89094c44da98b954eedeac495271d0f,0x1489eefa159ca976d1d163657c750305e05d715fc1da17b3a9b9e79cbba6e346,1620253472,candidate_layering
0x6c6bc977e13df9b0de53b251522280bb72383700,0xe592427a0aece92de3edee1f18e0157c05861564,erc20,45178.483319172476,DAI,0x6b175474e89094c44da98b954eedeac495271d0f,0xa60a7c6dbef73b78f000b2ef90a21ef787d83dc49338d35a0b3f03c830975354,1620253499,candidate_layering
0x6c6bc977e13df9b0de53b251522280bb72383700,0xe592427a0aece92de3edee1f18e0157c05861564,erc20,134792.904618,USDC,0xa0b86991c6218b36c1d19d4a2e9eb0ce3606eb48,0x699eb793a62f0eb4fa3d78c756b90a71bafa01266348122b32befc2678cb86a6,1620253559,candidate_layering
0x6c6bc977e13df9b0de53b251522280bb72383700,0x8ad599c3a0ff1de082011efddc58f1908eb6e6d8,erc20,34946.873162,USDC,0xa0b86991c6218b36c1d19d4a2e9eb0ce3606eb48,0xdb948d31fafa69ebf012c05681cf4edcfa8b60108ffbfbc86b278a0ead0fa98d,1620254111,candidate_layering
0x6c6bc977e13df9b0de53b251522280bb72383700,0x3095832ee9a9ef6a468066162cbd45f1f446e713,erc20,105.42814407691662,DAI,0x6b175474e89094c44da98b954eedeac495271d0f,0x66b07f6e51ad2fc6376a751e9976a5372ec579cac8cedb53f7567166dd8de22b,1620254598,candidate_layering
0x6c6bc977e13df9b0de53b251522280bb72383700,0x109e950722b4d5f5409dcf1f7787153138645e09,erc20,28089.14471972423,DAI,0x6b175474e89094c44da98b954eedeac495271d0f,0xd3f040c9d6ad92121b812c7d1fe9f73a9bad9d6b5145f8ade9909b3e25541e1e,1620254621,candidate_layering
0x6c6bc977e13df9b0de53b251522280bb72383700,0x8c97f66864adf0c80dda84a9dbb5ad31f1ebc592,erc20,523.7042660493181,DAI,0x6b175474e89094c44da98b954eedeac495271d0f,0xac036568c3be2a086bef0e875bb5889e5aaa537cdfd8b6efea184f86dbf4de4f,1620254629,candidate_layering
0x6c6bc977e13df9b0de53b251522280bb72383700,0xd8fa4fc7e2f905d85bdb4d0a9a69156c2d58ed11,erc20,1999.511014,USDC,0xa0b86991c6218b36c1d19d4a2e9eb0ce3606eb48,0x2ea67f3dfc0561f500002b90ae7b43035e8f613f00a9ae1bd5baf20686c96616,1620254856,candidate_layering
0x6c6bc977e13df9b0de53b251522280bb72383700,0x391fb1b5babd261cd0c42b91460859f546d7ca9b,erc20,4782.968151,USDC,0xa0b86991c6218b36c1d19d4a2e9eb0ce3606eb48,0x8db03aeca3d1d9fa17618fc8e8ba98f239c8e520203bf331117b5865a3451aca,1620254984,candidate_layering
0x6c6bc977e13df9b0de53b251522280bb72383700,0xe592427a0aece92de3edee1f18e0157c05861564,erc20,3976.129473,USDC,0xa0b86991c6218b36c1d19d4a2e9eb0ce3606eb48,0x08f89e53f34cd36c38be72a4e2f810267fb30b8f58ef71d7fa2488b1e0ddcb5f,1620255015,candidate_layering
0x6c6bc977e13df9b0de53b251522280bb72383700,0xe592427a0aece92de3edee1f18e0157c05861564,erc20,20211.370574901324,DAI,0x6b175474e89094c44da98b954eedeac495271d0f,0x988b283b20e6b0c4f8027fcc44b4af8001d1e3e15778bbfffb8a9b1cce5ffcfc,1620255251,candidate_layering
0x6c6bc977e13df9b0de53b251522280bb72383700,0xfc1ce7a6ae07c2e29363e8e1dbf7c4d6e406b666,erc20,612.777089,USDC,0xa0b86991c6218b36c1d19d4a2e9eb0ce3606eb48,0xdd2eebf922202f9f489b85f866e6353a2beb847aea7c18539715fd73fae90742,1620255327,candidate_layering
0x6c6bc977e13df9b0de53b251522280bb72383700,0x08db56bcb2682c9ff6fa1e8309f48c2b2bff2d5b,erc20,5951.816891,USDC,0xa0b86991c6218b36c1d19d4a2e9eb0ce3606eb48,0x3ae48eff91c3c02c5f5ca53c0361b2319b956949db7a3c5b4feaf3f86c57749d,1620255467,candidate_layering
0x6c6bc977e13df9b0de53b251522280bb72383700,0x8ad599c3a0ff1de082011efddc58f1908eb6e6d8,erc20,35121.017018,USDC,0xa0b86991c6218b36c1d19d4a2e9eb0ce3606eb48,0x7da2703b0f3c670a2d28fd2695e932981cdcca5b0bf1be1aad220ffd43a38fa8,1620255749,candidate_layering
0x6c6bc977e13df9b0de53b251522280bb72383700,0xe592427a0aece92de3edee1f18e0157c05861564,erc20,50249.5348684299,DAI,0x6b175474e89094c44da98b954eedeac495271d0f,0x1895e514e20d89402ededbf0b86a6c5ed9d5ca71c90eaebe7ca5cb27995e3082,1620255921,candidate_layering
0x6c6bc977e13df9b0de53b251522280bb72383700,0xe592427a0aece92de3edee1f18e0157c05861564,erc20,56361.44287262701,DAI,0x6b175474e89094c44da98b954eedeac495271d0f,0x838baba8475c6091367e136969e26bb75da5655a9f1ec4cbb570fe61a09ebd01,1620255921,candidate_layering
0x6c6bc977e13df9b0de53b251522280bb72383700,0xe592427a0aece92de3edee1f18e0157c05861564,erc20,33066.91774205643,DAI,0x6b175474e89094c44da98b954eedeac495271d0f,0x94912092f6d4bdbfdc3fdcf83ef0f9f8c4436974e07003330e621fda9f2ad417,1620255921,candidate_layering
0x6c6bc977e13df9b0de53b251522280bb72383700,0x22f9dcf4647084d6c31b2765f6910cd85c178c18,erc20,28265.031211,USDC,0xa0b86991c6218b36c1d19d4a2e9eb0ce3606eb48,0xf0d80bfd92da7e4e393c109cf353ee7b9c92fe3d82b38b15763f58db571be47e,1620256031,candidate_layering
0x6c6bc977e13df9b0de53b251522280bb72383700,0x506512aaf1ec81e24ca4b5f47771d97f803d5f65,erc20,11000.0,USDC,0xa0b86991c6218b36c1d19d4a2e9eb0ce3606eb48,0x299043f67d8462779baa2a1506dbe89c61ca516bf0b54084955f918541fe57ab,1620256105,candidate_layering
0x6c6bc977e13df9b0de53b251522280bb72383700,0x059949cb13386014e50039c5750b5f160b0d2778,erc20,1757.2717294466208,DAI,0x6b175474e89094c44da98b954eedeac495271d0f,0xf399a411b5c68cabaf3d0168c0cfb34b4abded7ab1a508cb80c15b80db4e6f72,1620256153,candidate_layering
0x6c6bc977e13df9b0de53b251522280bb72383700,0x5a26f7bf4bb7856cd9ea5b343f6afd1cb53b5c87,erc20,9292.262017,USDC,0xa0b86991c6218b36c1d19d4a2e9eb0ce3606eb48,0xab45106da488a7a79b2e90df0dae760ec16e5e6ba012b1e36f28f010c18b339b,1620256201,candidate_layering
0x6c6bc977e13df9b0de53b251522280bb72383700,0xee099d49e9962e0227e5d6182e0e93e201f8f0ae,erc20,3528.57068,USDC,0xa0b86991c6218b36c1d19d4a2e9eb0ce3606eb48,0x2f7d7fee85c0540f83b336e356abb162d17d8a8153e14706114b8475add6e3f2,1620256389,candidate_layering
0x6c6bc977e13df9b0de53b251522280bb72383700,0xe5ee2b9d5320f2d1492e16567f36b578372b3d9f,erc20,1000.0,USDC,0xa0b86991c6218b36c1d19d4a2e9eb0ce3606eb48,0x5665d846cf52fb7973c63870a30194e66c7e1860a4b2f3a2ed88aeeff17e436e,1620256440,candidate_layering
0x6c6bc977e13df9b0de53b251522280bb72383700,0x6e9d343782312e1b444bf426dd0e1f1a95ed87c9,erc20,12503.785319,USDC,0xa0b86991c6218b36c1d19d4a2e9eb0ce3606eb48,0x718bc3984501391e3df15fd15171cfa390431465fea6c26cc0167d23af4b8d07,1620256486,candidate_layering
0x6c6bc977e13df9b0de53b251522280bb72383700,0xe592427a0aece92de3edee1f18e0157c05861564,erc20,6721.282853449901,DAI,0x6b175474e89094c44da98b954eedeac495271d0f,0x9121a06c596120902694f814bcc71d4c46feca7a7c43c0433d1d3056f2c74429,1620256486,candidate_layering
0x6c6bc977e13df9b0de53b251522280bb72383700,0xc801ee92179d9a8abe4ba5964fe7ce1dff0a76b2,erc20,6253.329612,USDC,0xa0b86991c6218b36c1d19d4a2e9eb0ce3606eb48,0x94c562e148d67257a97311cc881267e83144aab390d11f7411009dfd79372d90,1620256551,candidate_layering
0x6c6bc977e13df9b0de53b251522280bb72383700,0x60594a405d53811d3bc4766596efd80fd545a270,erc20,3514.7228844051892,DAI,0x6b175474e89094c44da98b954eedeac495271d0f,0xbf14ead8f999b511f7fcc1ae6e23b08b8f3e02240ccad899ed9a460d1e360ff1,1620256628,candidate_layering
0x6c6bc977e13df9b0de53b251522280bb72383700,0x4671a9dea107bda99c387a8af391da56f7fcd045,erc20,670.0,USDC,0xa0b86991c6218b36c1d19d4a2e9eb0ce3606eb48,0xb70f31e0fcab8f3329e3f58a6f1a6c4623f869a8c3e306ad154b8e6a6ba2e42e,1620256845,candidate_layering
0x6c6bc977e13df9b0de53b251522280bb72383700,0xe592427a0aece92de3edee1f18e0157c05861564,erc20,19867.48573,USDC,0xa0b86991c6218b36c1d19d4a2e9eb0ce3606eb48,0xc7714bd3d75561d3a4d26106bf231fb8e72ace4fc44570234f3b622c8f81df5e,1620257029,candidate_layering
0x6c6bc977e13df9b0de53b251522280bb72383700,0xab450d37f5c8148f4125734c645f3e777a90f003,erc20,3516.907878,USDC,0xa0b86991c6218b36c1d19d4a2e9eb0ce3606eb48,0x7a1b7a8af24604c6d48050c3415095dedd05c238d4200074d9d375bb5c731670,1620257302,candidate_layering
0x6c6bc977e13df9b0de53b251522280bb72383700,0x4747fb3b36bd94fc13a25d307c808a5df0daeb8d,erc20,517.16,USDC,0xa0b86991c6218b36c1d19d4a2e9eb0ce3606eb48,0xaac035d066d2d28f00649453d39ab8d0d505cbbf31b977b9d528d37e372dacd0,1620257338,candidate_layering
0x6c6bc977e13df9b0de53b251522280bb72383700,0xdbe8eaec80e059f6f06bd68db8f9dca9a19cc4ab,erc20,180.0,USDC,0xa0b86991c6218b36c1d19d4a2e9eb0ce3606eb48,0x901ec0142d4e37917d9d3ec9b2a3fda34794fcb5dd27b04f95151cb6b67aab14,1620257338,candidate_layering
0x6c6bc977e13df9b0de53b251522280bb72383700,0x90b7debf57052876d557020a2be7349885473b59,erc20,500.0,DAI,0x6b175474e89094c44da98b954eedeac495271d0f,0x125813bfa5f30c8514765401909cbd23f9e0bb8e15364590d2a20b9ac77ad048,1620257624,candidate_layering
0x6c6bc977e13df9b0de53b251522280bb72383700,0x137eec70e77acb387e2bbec996c6358986af6923,erc20,20911.25747578886,DAI,0x6b175474e89094c44da98b954eedeac495271d0f,0xb13633e56c526859559860e806d68bd7fc4b5b61ea9d211f72a5e47e1ab51227,1620257632,candidate_layering
0x6c6bc977e13df9b0de53b251522280bb72383700,0x045e2a9db6ca319f6b667813c6088067eb52851e,erc20,4.404078841506743,DAI,0x6b175474e89094c44da98b954eedeac495271d0f,0x706ac30d028ecdb2726e3003c3645fbf84a0c0e7771b1802a5348248c712125b,1620257709,candidate_layering
0x6c6bc977e13df9b0de53b251522280bb72383700,0x045e2a9db6ca319f6b667813c6088067eb52851e,erc20,3.509947,USDC,0xa0b86991c6218b36c1d19d4a2e9eb0ce3606eb48,0x706ac30d028ecdb2726e3003c3645fbf84a0c0e7771b1802a5348248c712125b,1620257709,candidate_layering
0x6c6bc977e13df9b0de53b251522280bb72383700,0x045e2a9db6ca319f6b667813c6088067eb52851e,erc20,72447.6343058891,DAI,0x6b175474e89094c44da98b954eedeac495271d0f,0x726e411a48113c4b3087f95a831928dadcc2a3418bd49151886d3e7c73321ba4,1620257857,candidate_layering
0x6c6bc977e13df9b0de53b251522280bb72383700,0x045e2a9db6ca319f6b667813c6088067eb52851e,erc20,89912.432656,USDC,0xa0b86991c6218b36c1d19d4a2e9eb0ce3606eb48,0x726e411a48113c4b3087f95a831928dadcc2a3418bd49151886d3e7c73321ba4,1620257857,candidate_layering
0x6c6bc977e13df9b0de53b251522280bb72383700,0xe592427a0aece92de3edee1f18e0157c05861564,erc20,6819.866109247951,DAI,0x6b175474e89094c44da98b954eedeac495271d0f,0x05f64b79686e53753a68650ddde65b3e2763eb1ba8a892dde6bc70ccb8eb3f7e,1620257875,candidate_layering
0x6c6bc977e13df9b0de53b251522280bb72383700,0xfa8efef0c6e1fa8b1a5f34533a3abf83946cc0bf,erc20,3528.522399,USDC,0xa0b86991c6218b36c1d19d4a2e9eb0ce3606eb48,0x630c4d0ec9bce4697e708591677b84f0ef29867974da02b096f69051e2f5f604,1620257943,candidate_layering
0x6c6bc977e13df9b0de53b251522280bb72383700,0x6de6b7bd0d498f33e8c0833ee2d9769802546e6d,erc20,5205.836072468926,DAI,0x6b175474e89094c44da98b954eedeac495271d0f,0x4b58f4d250eb47efa01a21346b7cd98ac2b9e84a915ea13d867ddf05335b1974,1620258032,candidate_layering
0x6c6bc977e13df9b0de53b251522280bb72383700,0x9b851ecbad2ebc6b86fee3760e01ef2d873bda46,erc20,1410.07074,USDC,0xa0b86991c6218b36c1d19d4a2e9eb0ce3606eb48,0xfb143e51b4a551d2e0c42680ff530e4edfcf5a51a01853c9eb20ce5040cf3c1e,1620258323,candidate_layering
0x6c6bc977e13df9b0de53b251522280bb72383700,0x455d7eb74860d0937423b9184f9e8461aa354ebb,erc20,539154.6130606361,DAI,0x6b175474e89094c44da98b954eedeac495271d0f,0x01023cf0c41d7bb4d0505e2b794af106ad8883ff6fa75417ed0cc183de439531,1620259056,candidate_layering
0x6c6bc977e13df9b0de53b251522280bb72383700,0x455d7eb74860d0937423b9184f9e8461aa354ebb,erc20,839057.72007,USDC,0xa0b86991c6218b36c1d19d4a2e9eb0ce3606eb48,0x01023cf0c41d7bb4d0505e2b794af106ad8883ff6fa75417ed0cc183de439531,1620259056,candidate_layering
0x6c6bc977e13df9b0de53b251522280bb72383700,0x3813d76b2e9b3748afa4b7fc3a19f7b0318ba47b,erc20,9988.776664271612,DAI,0x6b175474e89094c44da98b954eedeac495271d0f,0x1e1c6927f03868821d33707f952abac8cb05b96f6045589971160688edff4c97,1620259117,candidate_layering
0x6c6bc977e13df9b0de53b251522280bb72383700,0xe592427a0aece92de3edee1f18e0157c05861564,erc20,24971.701230222297,DAI,0x6b175474e89094c44da98b954eedeac495271d0f,0xab7e2bcaf46004e4b72023a407ab5a2d049aeb9b44506f09e6d943934abbb3ae,1620260644,candidate_layering
0x6c6bc977e13df9b0de53b251522280bb72383700,0x2af33e93f68b8497bb535c492f5867c7e83f2bc4,erc20,100946.44595,USDC,0xa0b86991c6218b36c1d19d4a2e9eb0ce3606eb48,0x990154ab39ff83329e78e434b89a92453ec4a25dd9983d3dae1c33df0cdbdfcb,1620260952,candidate_layering
0x6c6bc977e13df9b0de53b251522280bb72383700,0x22f9dcf4647084d6c31b2765f6910cd85c178c18,erc20,51094.302622,USDC,0xa0b86991c6218b36c1d19d4a2e9eb0ce3606eb48,0x2b59a726864d84d72e970fd1904ce9ce70d23c5e675230222629042627b790f6,1620261062,candidate_layering
0x6c6bc977e13df9b0de53b251522280bb72383700,0x67922a9561423548a9ccfd67ad80d6c637c26bfe,erc20,3488.274661,USDC,0xa0b86991c6218b36c1d19d4a2e9eb0ce3606eb48,0xc237bfedcdf39ce020e2fda4617bd03c5b51b2ead0c5ee638c1f049dd4bad1be,1620261628,candidate_layering
0x6c6bc977e13df9b0de53b251522280bb72383700,0x3c01e0cdc9d7c3b548b4e6e6a558d78ea52c1f9e,erc20,500000.0,DAI,0x6b175474e89094c44da98b954eedeac495271d0f,0x0cfc638346afa37bdb7018b29ebd3e7f55fcda8e8270ae4580e7a16d6173287f,1620261797,candidate_layering
0x6c6bc977e13df9b0de53b251522280bb72383700,0xe592427a0aece92de3edee1f18e0157c05861564,erc20,1000.322946,USDC,0xa0b86991c6218b36c1d19d4a2e9eb0ce3606eb48,0xc9466a26e574b3dd2635f9834f3ff20c01d133444d090e7b3827484d5046055a,1620261839,candidate_layering
0x6c6bc977e13df9b0de53b251522280bb72383700,0xe592427a0aece92de3edee1f18e0157c05861564,erc20,200053.830025,USDC,0xa0b86991c6218b36c1d19d4a2e9eb0ce3606eb48,0xd3e3e76a0f4bf300718762239f749e927a13271b27f2a0749ddaf149a5b01f43,1620262001,candidate_layering
0x6c6bc977e13df9b0de53b251522280bb72383700,0x22f9dcf4647084d6c31b2765f6910cd85c178c18,erc20,300.663914,USDC,0xa0b86991c6218b36c1d19d4a2e9eb0ce3606eb48,0xe266b54e80657857f0ef8a7b70ccdfdbaf041dccfb8f37790cd08578518bf0d4,1620262188,candidate_layering
0x6c6bc977e13df9b0de53b251522280bb72383700,0xdc09eb652d4568c3e22d176bce8f5efb12af7716,erc20,100.0,USDC,0xa0b86991c6218b36c1d19d4a2e9eb0ce3606eb48,0x6539c012a7469149148bf69c46824c362a1ce45a861b6a7550fb6c74bf8430b3,1620262215,candidate_layering
0x6c6bc977e13df9b0de53b251522280bb72383700,0x682cd12ba2d561173e6d1c86ecd7c01be2a7e0e5,erc20,1000.0,USDC,0xa0b86991c6218b36c1d19d4a2e9eb0ce3606eb48,0x1fea7216411ef3bde9485112ade7b88d18a9fc0c098c296391a54db90633b0dc,1620262249,candidate_layering
0x6c6bc977e13df9b0de53b251522280bb72383700,0x8ad599c3a0ff1de082011efddc58f1908eb6e6d8,erc20,3471.825682,USDC,0xa0b86991c6218b36c1d19d4a2e9eb0ce3606eb48,0x274570ad5c062ba0c4ec302c0d056e75d7a4f58c60a61f50c1d8dacacbd67df5,1620262328,candidate_layering
0x6c6bc977e13df9b0de53b251522280bb72383700,0x7cb197038f17b67a299cb6ba032084a551fad196,erc20,37483.740464,USDC,0xa0b86991c6218b36c1d19d4a2e9eb0ce3606eb48,0xa693f6e6a8885b0425f4d6edc045b68d78382150540a3190dc77750977eaf1ec,1620262375,candidate_layering
0x6c6bc977e13df9b0de53b251522280bb72383700,0xe592427a0aece92de3edee1f18e0157c05861564,erc20,52948.995905,USDC,0xa0b86991c6218b36c1d19d4a2e9eb0ce3606eb48,0x5c7b797691452a5a5f59e58471dedfcbde275205dcc1e21493a0f62cb6d6d504,1620262403,candidate_layering
0x6c6bc977e13df9b0de53b251522280bb72383700,0xe592427a0aece92de3edee1f18e0157c05861564,erc20,104.539518,USDC,0xa0b86991c6218b36c1d19d4a2e9eb0ce3606eb48,0xaef835db58cb39d52c249a5086bcdc0944eb546d937ba32a68fc0bc720d21868,1620262451,candidate_layering
0x6c6bc977e13df9b0de53b251522280bb72383700,0x7c8b34617172b42b6dc4fdec9f0e7dc51fdbbe00,erc20,2743.876868407774,DAI,0x6b175474e89094c44da98b954eedeac495271d0f,0x0b9fb43a96dca0ca6ec7929ca49c04ee5cffceac8d41fdff57ef6b73a0e2e0e3,1620262480,candidate_layering
0x6c6bc977e13df9b0de53b251522280bb72383700,0x72cf8362c2efbdd627ea8d6c8ac87df8af45f15f,erc20,1156.9684562669006,DAI,0x6b175474e89094c44da98b954eedeac495271d0f,0xa62853f42b5caf9f2eb14311e386b45f5b09f24f922f65caf42537a13418331b,1620262981,candidate_layering
0x6c6bc977e13df9b0de53b251522280bb72383700,0xff297d3025ef810cb4dd8b9fb4f94e96ec6544d7,erc20,11437.04475,USDC,0xa0b86991c6218b36c1d19d4a2e9eb0ce3606eb48,0x7c6be1fe97a1af1805aba3eab10b73d14c3705ca5c56e350a78c5ee05b7e36c6,1620263072,candidate_layering
0x6c6bc977e13df9b0de53b251522280bb72383700,0x7f0fbb11690672803f6f99ea59b18418e2888a8b,erc20,20.0,DAI,0x6b175474e89094c44da98b954eedeac495271d0f,0x404ece104f22221f408a890b579cd70d624b407dc44da67eef825916ae29ff8b,1620263784,candidate_layering
0x6c6bc977e13df9b0de53b251522280bb72383700,0x166c736f2170cb024d1e47dfbbf310a932e31d0e,erc20,295.09180314862374,DAI,0x6b175474e89094c44da98b954eedeac495271d0f,0x761fbd118c33f3f8252ea780a84fc998c259dfa902caa3ea6aacbb76b3df4c3c,1620263910,candidate_layering
0x6c6bc977e13df9b0de53b251522280bb72383700,0x22f9dcf4647084d6c31b2765f6910cd85c178c18,erc20,26173.083093,USDC,0xa0b86991c6218b36c1d19d4a2e9eb0ce3606eb48,0x80f2e236b92f98a5d49430a4b111669e5a877e631e44428c60f4bb37fb6e7c84,1620264099,candidate_layering
0x6c6bc977e13df9b0de53b251522280bb72383700,0xe592427a0aece92de3edee1f18e0157c05861564,erc20,1596.272004,USDC,0xa0b86991c6218b36c1d19d4a2e9eb0ce3606eb48,0xe22fb3a0e0e3b81df3967d78be46e61f914075e22bbf7d8429e22394c5b8bd9d,1620264363,candidate_layering
0x6c6bc977e13df9b0de53b251522280bb72383700,0x9c6d646048ed961db198b8358dee5e04ebaa825d,erc20,660.757055,USDC,0xa0b86991c6218b36c1d19d4a2e9eb0ce3606eb48,0xa881415990a5caa9609910e0a2dd3815eaa63c67463a972a16941edd74008d8f,1620264389,candidate_layering
0x6c6bc977e13df9b0de53b251522280bb72383700,0xeb55297a08a8d8a0a47cc80e43d5af6b306d3f6a,erc20,692.716203,USDC,0xa0b86991c6218b36c1d19d4a2e9eb0ce3606eb48,0x93e63684f91279bb85d310443063af0d91952e6ea754ce628861f8c94f63ccb9,1620264443,candidate_layering
0x6c6bc977e13df9b0de53b251522280bb72383700,0x168b53c0bb80f1a4e09879b06a9f2f78dfcfc4d2,erc20,4000.0,USDC,0xa0b86991c6218b36c1d19d4a2e9eb0ce3606eb48,0x95293ebf10a6c632d4e3b62c0c67ab95afed7c7d1d88a880446028fe3d23b0de,1620264573,candidate_layering
0x6c6bc977e13df9b0de53b251522280bb72383700,0xa9f000f31353c04c8f871f108fc00e84d7a8139c,erc20,1000.142747,USDC,0xa0b86991c6218b36c1d19d4a2e9eb0ce3606eb48,0x822dd6f6cfa92d96710cc6daf8072c6a0be116392c097967fb20aa8934c3ee06,1620264721,candidate_layering
0x6c6bc977e13df9b0de53b251522280bb72383700,0x4a2f49ae43c3219f2e1b754e3cafbbca7d87d1a4,erc20,1979.912621,USDC,0xa0b86991c6218b36c1d19d4a2e9eb0ce3606eb48,0xa1d652aa0474b2d27f9d6f0c2f20aea1b2e00d116a219216ca1c9d9f4cc1103b,1620264982,candidate_layering
0x6c6bc977e13df9b0de53b251522280bb72383700,0xe592427a0aece92de3edee1f18e0157c05861564,erc20,1397.96262,USDC,0xa0b86991c6218b36c1d19d4a2e9eb0ce3606eb48,0x4f577f87bdeab8861ee6cb308e85e5da1c18b85b36c5b9b59c5da6d080dbe121,1620265102,candidate_layering
0x6c6bc977e13df9b0de53b251522280bb72383700,0x0000000000007f150bd6f54c40a34d7c3d5e9f56,erc20,99883.38553410507,DAI,0x6b175474e89094c44da98b954eedeac495271d0f,0x737395d6809ab2ea985fc1594485234424a6a2dd6ce266ec05086f8a4da82626,1620265600,candidate_layering
0x6c6bc977e13df9b0de53b251522280bb72383700,0xe592427a0aece92de3edee1f18e0157c05861564,erc20,10001.898589,USDC,0xa0b86991c6218b36c1d19d4a2e9eb0ce3606eb48,0x45a502f6a09c43186d4b917f2984357ef795b5d5081987bdd5bd6e61e35848dd,1620265857,candidate_layering
0x6c6bc977e13df9b0de53b251522280bb72383700,0x5cf82e6574cf1c3fd67aed973c9b2d82dde9311d,erc20,1.0870587614941003,DAI,0x6b175474e89094c44da98b954eedeac495271d0f,0xadf4e82591aa4b9cf9b67453e30ad1ff2953d6f6bca0605604a1a314b98c4e00,1620266255,candidate_layering
0x6c6bc977e13df9b0de53b251522280bb72383700,0x5cf82e6574cf1c3fd67aed973c9b2d82dde9311d,erc20,3895.723622,USDC,0xa0b86991c6218b36c1d19d4a2e9eb0ce3606eb48,0xadf4e82591aa4b9cf9b67453e30ad1ff2953d6f6bca0605604a1a314b98c4e00,1620266255,candidate_layering
0x6c6bc977e13df9b0de53b251522280bb72383700,0xcc35b690aab3be3fbabdca08eff85f87f5f40fd1,erc20,520.680446,USDC,0xa0b86991c6218b36c1d19d4a2e9eb0ce3606eb48,0xb6b56d7d71c17fb4eeefa1bbf610d026052fb217362a76f9cad71ad6b0104d61,1620266349,candidate_layering
0x6c6bc977e13df9b0de53b251522280bb72383700,0x0d71d8a431d7e2965f01a78faf7fedd94de6750c,erc20,1800.0,DAI,0x6b175474e89094c44da98b954eedeac495271d0f,0xba57193e00c5533f3633ea50dc41c0f02fd209581728aee83201bc4ad6a5ee7c,1620267011,candidate_layering
0x6c6bc977e13df9b0de53b251522280bb72383700,0x11e4857bb9993a50c685a79afad4e6f65d518dda,erc20,3.008605406236309,DAI,0x6b175474e89094c44da98b954eedeac495271d0f,0x4aaf857a5efa61342fa1eb8a114cbddaae7e4b1c8eef75f2a83c4ac7b933ee84,1620267027,candidate_layering
0x6c6bc977e13df9b0de53b251522280bb72383700,0x11e4857bb9993a50c685a79afad4e6f65d518dda,erc20,10781.984252,USDC,0xa0b86991c6218b36c1d19d4a2e9eb0ce3606eb48,0x4aaf857a5efa61342fa1eb8a114cbddaae7e4b1c8eef75f2a83c4ac7b933ee84,1620267027,candidate_layering
0x6c6bc977e13df9b0de53b251522280bb72383700,0x4e7e1c73c116649c1c684acb6ec98bac4fbb4ef6,erc20,15002.760813,USDC,0xa0b86991c6218b36c1d19d4a2e9eb0ce3606eb48,0x16d4cae9831062403d2d6f884517736d96b66a93b77b67db1864db9e513873a0,1620267114,candidate_layering
0x6c6bc977e13df9b0de53b251522280bb72383700,0x0b557cbd3f18a3652ec1dffce834f47ec4eb5890,erc20,2744.051781,USDC,0xa0b86991c6218b36c1d19d4a2e9eb0ce3606eb48,0x7f154851e60b4cacd7b414bf31605fa850fec7327a74cf112a56967e7fdd18b0,1620267297,candidate_layering
0x6c6bc977e13df9b0de53b251522280bb72383700,0xe592427a0aece92de3edee1f18e0157c05861564,erc20,259.693625559291,DAI,0x6b175474e89094c44da98b954eedeac495271d0f,0xa07d2e76b3c5c8fa9a7b32de2937da9c154482a1118e3752620938ac5ea6f36d,1620267583,candidate_layering
0x6c6bc977e13df9b0de53b251522280bb72383700,0x03a210c32c837f3be77cc72d276f544b2f99dc67,erc20,399999.99999999994,DAI,0x6b175474e89094c44da98b954eedeac495271d0f,0xba07448bdcca4217a7b7382c1089cb2546788634736ff827db681ba7be09d2b3,1620267809,candidate_layering
0x6c6bc977e13df9b0de53b251522280bb72383700,0x11e4857bb9993a50c685a79afad4e6f65d518dda,erc20,4029.5426467219277,DAI,0x6b175474e89094c44da98b954eedeac495271d0f,0x2d57c8f46627c15c920c01c5f4a98907102a195eb95ca81718937aa65068b692,1620267895,candidate_layering
0x6c6bc977e13df9b0de53b251522280bb72383700,0x11e4857bb9993a50c685a79afad4e6f65d518dda,erc20,5246.992482,USDC,0xa0b86991c6218b36c1d19d4a2e9eb0ce3606eb48,0x2d57c8f46627c15c920c01c5f4a98907102a195eb95ca81718937aa65068b692,1620267895,candidate_layering
0x6c6bc977e13df9b0de53b251522280bb72383700,0x7ee9fa04767b727ce141d7fa1f089211fcb1dcf8,erc20,1200.462414,USDC,0xa0b86991c6218b36c1d19d4a2e9eb0ce3606eb48,0x969e389e8495b5bd36f3a5188c242a03d6c7cf66a06cbf9b1f936f28004c11a6,1620268377,candidate_layering
0x6c6bc977e13df9b0de53b251522280bb72383700,0xe592427a0aece92de3edee1f18e0157c05861564,erc20,1347.4434012698414,DAI,0x6b175474e89094c44da98b954eedeac495271d0f,0xdc2af3c16d6dfede919f0caf456c8365b498ddbaf5e07de306c73cbc7e7ce57e,1620268507,candidate_layering
0x6c6bc977e13df9b0de53b251522280bb72383700,0x7ee9fa04767b727ce141d7fa1f089211fcb1dcf8,erc20,1398.668844,USDC,0xa0b86991c6218b36c1d19d4a2e9eb0ce3606eb48,0x3b36dcb67ad07b37f42bfc7677b2eca7df62ee568fb27e02b2abc420cf7394af,1620268551,candidate_layering
0x6c6bc977e13df9b0de53b251522280bb72383700,0x2b5a0be5940b63de1eddccca7bd977357e2488ed,erc20,176.825359,USDC,0xa0b86991c6218b36c1d19d4a2e9eb0ce3606eb48,0x076f87001d498ca4191e0546c37bb0dbbb9a3e916796f96dd9ca868c7fbd4494,1620269526,candidate_layering
0x6c6bc977e13df9b0de53b251522280bb72383700,0xe592427a0aece92de3edee1f18e0157c05861564,erc20,15735.722449,USDC,0xa0b86991c6218b36c1d19d4a2e9eb0ce3606eb48,0x279eca42b4cb9f3abf6d09447db2e28621d519ed1ae6bd82d343b1a6e0dbf09e,1620270255,candidate_layering
0x6c6bc977e13df9b0de53b251522280bb72383700,0x6ecc46a772d41032f43faac6636a78c96efa0ae6,erc20,87931.56906047587,DAI,0x6b175474e89094c44da98b954eedeac495271d0f,0x98fa0c7e208eccee2a8c3b829e0767ee703f08f1c1521c9f86107d18b7c48028,1620270255,candidate_layering
0x6c6bc977e13df9b0de53b251522280bb72383700,0x6ecc46a772d41032f43faac6636a78c96efa0ae6,erc20,115178.341548,USDC,0xa0b86991c6218b36c1d19d4a2e9eb0ce3606eb48,0x98fa0c7e208eccee2a8c3b829e0767ee703f08f1c1521c9f86107d18b7c48028,1620270255,candidate_layering
0x6c6bc977e13df9b0de53b251522280bb72383700,0x8cccfa7b9ec9076b76041940d7835bc0a4488c6e,erc20,10865.994062810225,DAI,0x6b175474e89094c44da98b954eedeac495271d0f,0xd47a305ab04b015af6c2676f915fe8211a742183518c85f104b30e13e7994df3,1620270328,candidate_layering
0x6c6bc977e13df9b0de53b251522280bb72383700,0x7bb24f9ae8843590fabf42e049577e2ba68afa0e,erc20,1330.8910030380148,DAI,0x6b175474e89094c44da98b954eedeac495271d0f,0xda63c4119bf9a69d2fbaaec6f98d58514f0574108ae8abf0f0f2cbb6b85193b2,1620270736,candidate_layering
0x6c6bc977e13df9b0de53b251522280bb72383700,0x7bb24f9ae8843590fabf42e049577e2ba68afa0e,erc20,1455.410707,USDC,0xa0b86991c6218b36c1d19d4a2e9eb0ce3606eb48,0xda63c4119bf9a69d2fbaaec6f98d58514f0574108ae8abf0f0f2cbb6b85193b2,1620270736,candidate_layering
0x6c6bc977e13df9b0de53b251522280bb72383700,0xe592427a0aece92de3edee1f18e0157c05861564,erc20,998.6179068275113,DAI,0x6b175474e89094c44da98b954eedeac495271d0f,0x6d20915fafb5b89a405f5818f7db0364fa9a36ed3434c53a86c4b8e9bc55f90a,1620270991,candidate_layering
0x6c6bc977e13df9b0de53b251522280bb72383700,0xe94a5b3f1c020fa5b6352dd0f8931cc489e3e365,erc20,2360.0,USDC,0xa0b86991c6218b36c1d19d4a2e9eb0ce3606eb48,0x816410241dfecd295baf475bb5ed17009316e77e47a741b65acc46d2b7fbcd9d,1620271229,candidate_layering
0x6c6bc977e13df9b0de53b251522280bb72383700,0x06f166e11d765ae936e7ec36777e1b4b6f0cb83b,erc20,5772.9481541836185,DAI,0x6b175474e89094c44da98b954eedeac495271d0f,0x7deb76cb733be60d51562519983c5a87394d1d95d8411d18527e245f25188922,1620271301,candidate_layering
0x6c6bc977e13df9b0de53b251522280bb72383700,0x06f166e11d765ae936e7ec36777e1b4b6f0cb83b,erc20,5725.655609,USDC,0xa0b86991c6218b36c1d19d4a2e9eb0ce3606eb48,0x7deb76cb733be60d51562519983c5a87394d1d95d8411d18527e245f25188922,1620271301,candidate_layering
0x6c6bc977e13df9b0de53b251522280bb72383700,0x4626c2d1312aaadb658ab0d547b6cedc2e8857d5,erc20,319.121826,USDC,0xa0b86991c6218b36c1d19d4a2e9eb0ce3606eb48,0x2b470f96054708c4b67dc8841b3443eac8099a62bea0e04ddff313d9427c9f0b,1620271700,candidate_layering
0x6c6bc977e13df9b0de53b251522280bb72383700,0xb0cf98ef1dcae360d0f22d21983acf8008b30ae9,erc20,3188.974759,USDC,0xa0b86991c6218b36c1d19d4a2e9eb0ce3606eb48,0xab28e41c964b02ec3fee1e700444bd5a4eaaa3861d98ea407d135b7dbcf6d285,1620271744,candidate_layering
0x6c6bc977e13df9b0de53b251522280bb72383700,0x1e26ee5829336e109a0a2f2fb81ef300cbf89e31,erc20,607.459914,USDC,0xa0b86991c6218b36c1d19d4a2e9eb0ce3606eb48,0x12f1ddb80c8d9165307750014c37023f66371c51af615f4af9c417e00f87ded9,1620272384,candidate_layering
0x6c6bc977e13df9b0de53b251522280bb72383700,0xe592427a0aece92de3edee1f18e0157c05861564,erc20,99.86207530330731,DAI,0x6b175474e89094c44da98b954eedeac495271d0f,0x4bfb92fa2e0e8cfa43971b4980ec057ad739ec5294195f27c7d957de7b62c386,1620272560,candidate_layering
0x6c6bc977e13df9b0de53b251522280bb72383700,0xf5c58a6b6ab252fd9fe79a2c600b4e3e1c2cdc8d,erc20,167.76827570024295,DAI,0x6b175474e89094c44da98b954eedeac495271d0f,0xcb7d5e991b3293eb0c134d27346baa9504a9351486712eb1ad474b28301ad2a7,1620272563,candidate_layering
0x6c6bc977e13df9b0de53b251522280bb72383700,0x3b4b76c0e661dfc343974f3f40a23f339eefb74b,erc20,1000.0,DAI,0x6b175474e89094c44da98b954eedeac495271d0f,0x27a3a0eab05b4c5c279210c602257ab3ecf28c2d5d950f324e6e05f6772e7682,1620272676,candidate_layering
0x6c6bc977e13df9b0de53b251522280bb72383700,0xb95829e25b354b352c7e9793b4edac6a339b3c2c,erc20,25000.0,USDC,0xa0b86991c6218b36c1d19d4a2e9eb0ce3606eb48,0x5930e3ffeafca309fa6004363ddc79ec95f05ccb49833f56e8946b7a63ab7a2e,1620273143,candidate_layering
0x6c6bc977e13df9b0de53b251522280bb72383700,0xbec8467995296c2ee7d896829338a4134d7c718e,erc20,2999.606721,USDC,0xa0b86991c6218b36c1d19d4a2e9eb0ce3606eb48,0x4520c7f6b0da0a58e43523e52b521d4ccc0c5b48d46c4eccf35394a60abd8129,1620273582,candidate_layering
0x6c6bc977e13df9b0de53b251522280bb72383700,0x916c2cd2f87c0e9d7a02b76aa8ba6cb6586187d4,erc20,6924.936669,USDC,0xa0b86991c6218b36c1d19d4a2e9eb0ce3606eb48,0x9637d84bd101e394202ffadc9bad1084012b65804c8dc6d06d3a362357486c84,1620273958,candidate_layering
0x6c6bc977e13df9b0de53b251522280bb72383700,0xe592427a0aece92de3edee1f18e0157c05861564,erc20,170054.896762,USDC,0xa0b86991c6218b36c1d19d4a2e9eb0ce3606eb48,0xb258fa6431570ea3da57122f90dee2b757d9a56e1353e1df27ace84d6110b213,1620273986,candidate_layering
0x6c6bc977e13df9b0de53b251522280bb72383700,0xb9bcd154b5a636bb3b049e7dea7da4cb47d6cc81,erc20,2000.0,DAI,0x6b175474e89094c44da98b954eedeac495271d0f,0x46c935371f81417f55f3f161d483e534f538ac6a2781af14bb3bb9841f7e20bf,1620274611,candidate_layering
0x6c6bc977e13df9b0de53b251522280bb72383700,0xe592427a0aece92de3edee1f18e0157c05861564,erc20,35605.128769,USDC,0xa0b86991c6218b36c1d19d4a2e9eb0ce3606eb48,0x5a38e330b24baa3c244b450f18be06e867ef1017eb966abbf86218fc3d7d723a,1620274619,candidate_layering
0x6c6bc977e13df9b0de53b251522280bb72383700,0xe592427a0aece92de3edee1f18e0157c05861564,erc20,9987.323059089957,DAI,0x6b175474e89094c44da98b954eedeac495271d0f,0x3409f0c6c5c0c374019205bc1bc8758f544ce9c04826b3a1f1b1e92f2f94aeaa,1620274723,candidate_layering
0x6c6bc977e13df9b0de53b251522280bb72383700,0x38c50e55f3db51964b6d15ddde5d204ad2cb9043,erc20,6966.852339,USDC,0xa0b86991c6218b36c1d19d4a2e9eb0ce3606eb48,0xb41d14d6b2e8fea9745ccdc10b03ff8c4304e9441631ec16e440ef2fc2dc5585,1620274892,candidate_layering
0x6c6bc977e13df9b0de53b251522280bb72383700,0x40dcba8e2508ddaa687fc26f9491b8cca563c845,erc20,4722.0,DAI,0x6b175474e89094c44da98b954eedeac495271d0f,0xc8298fe586c6cc7c1aac5c8cb97ba9a906b7473209d746724d93d6d86ff3f472,1620275093,candidate_layering
0x6c6bc977e13df9b0de53b251522280bb72383700,0xfab22550fcd520a7eced27414cd74bc70a6ac1a9,erc20,5371.440868,USDC,0xa0b86991c6218b36c1d19d4a2e9eb0ce3606eb48,0x006618350067668645b545978323547bf72b994e911cadab68f3f669a37461cd,1620275314,candidate_layering
0x6c6bc977e13df9b0de53b251522280bb72383700,0xe592427a0aece92de3edee1f18e0157c05861564,erc20,5158.575987530534,DAI,0x6b175474e89094c44da98b954eedeac495271d0f,0x5dee00ce27c5271c4b01505213b2c1872e2e619dd58df264dac87fa7bdab0e94,1620275582,candidate_layering
0x6c6bc977e13df9b0de53b251522280bb72383700,0xd8e4be8867460f966abddead7015c33c56b9f213,erc20,3503.182465,USDC,0xa0b86991c6218b36c1d19d4a2e9eb0ce3606eb48,0x58e1f3c18ef15352ccb3d580b4c61c011475dd5622dd7b31a0b5b90678e3bd62,1620275771,candidate_layering
0x6c6bc977e13df9b0de53b251522280bb72383700,0xe592427a0aece92de3edee1f18e0157c05861564,erc20,500.133591,USDC,0xa0b86991c6218b36c1d19d4a2e9eb0ce3606eb48,0x46a8c428a0de8ef2f11dec4322528705461660434cb69215853be7fe8a5f8aa3,1620275962,candidate_layering
0x6c6bc977e13df9b0de53b251522280bb72383700,0x7ad1d034db05b76b15d491522a84280ed959b07f,erc20,1000.0,USDC,0xa0b86991c6218b36c1d19d4a2e9eb0ce3606eb48,0xd76a6eecb83094daafb0e7dfb8e3b8a088acdd3fa143479f725f40aa301efe4f,1620276080,candidate_layering
0x6c6bc977e13df9b0de53b251522280bb72383700,0x1c4a4e1c45278eaddeda26bfa6b96250c1fd3287,erc20,350.298133,USDC,0xa0b86991c6218b36c1d19d4a2e9eb0ce3606eb48,0x2744637e2680c9123367ca03cd729935b5a20048d61eb5f3ab657812a0c707a9,1620276154,candidate_layering
0x6c6bc977e13df9b0de53b251522280bb72383700,0xe592427a0aece92de3edee1f18e0157c05861564,erc20,349.8545016148628,DAI,0x6b175474e89094c44da98b954eedeac495271d0f,0xe512a5356ede0b8ef1903e3e6404bbf3dd047b4577bff7c25a92ddc11b555448,1620276342,candidate_layering
0x6c6bc977e13df9b0de53b251522280bb72383700,0xc5a0d238075734bf1758a5d6fe6edd6fb2f2e675,erc20,100.0,DAI,0x6b175474e89094c44da98b954eedeac495271d0f,0x6c822e53a388ab6b8d14e0e0f2e4d47073860f087507ef1c856fad8884526045,1620276382,candidate_layering
0x6c6bc977e13df9b0de53b251522280bb72383700,0x9adf15bac58d3a6691b91d871068d696d360153d,erc20,99872.7996685486,DAI,0x6b175474e89094c44da98b954eedeac495271d0f,0x98c549098a0761df55f154d0d0bed5dad16ad955598d86145dec5c626b7d326d,1620276627,candidate_layering
0x6c6bc977e13df9b0de53b251522280bb72383700,0x9adf15bac58d3a6691b91d871068d696d360153d,erc20,130.0,DAI,0x6b175474e89094c44da98b954eedeac495271d0f,0x734664b44328fdc7702f8607c009a449d21f627502545b3a1bbabd80a82f435f,1620276721,candidate_layering
0x6c6bc977e13df9b0de53b251522280bb72383700,0x096ca3674329bb66dd7cc14d1511dfb7728b9193,erc20,249.3961045194988,DAI,0x6b175474e89094c44da98b954eedeac495271d0f,0x675c45a5f31abf765dc739693aa1f25a6744031bfab20b7163c15b63708e2936,1620276777,candidate_layering
0x6c6bc977e13df9b0de53b251522280bb72383700,0x096ca3674329bb66dd7cc14d1511dfb7728b9193,erc20,290.085238,USDC,0xa0b86991c6218b36c1d19d4a2e9eb0ce3606eb48,0x675c45a5f31abf765dc739693aa1f25a6744031bfab20b7163c15b63708e2936,1620276777,candidate_layering
0x6c6bc977e13df9b0de53b251522280bb72383700,0xfab22550fcd520a7eced27414cd74bc70a6ac1a9,erc20,5278.7454048880745,DAI,0x6b175474e89094c44da98b954eedeac495271d0f,0xbaade8d09d816d1d62a19ea74192b58583cff7a27448a96bd4a07d2fc739a7cb,1620276901,candidate_layering
0x6c6bc977e13df9b0de53b251522280bb72383700,0xfab22550fcd520a7eced27414cd74bc70a6ac1a9,erc20,5130.824328,USDC,0xa0b86991c6218b36c1d19d4a2e9eb0ce3606eb48,0xbaade8d09d816d1d62a19ea74192b58583cff7a27448a96bd4a07d2fc739a7cb,1620276901,candidate_layering
0x6c6bc977e13df9b0de53b251522280bb72383700,0x596cb73f03fc56b32390576618c2628ea7afe457,erc20,346.999869,USDC,0xa0b86991c6218b36c1d19d4a2e9eb0ce3606eb48,0x0dd9339912cd806651b793dc3d1fa8da41e1635b1e014a1437d67c04a792f076,1620277278,candidate_layering
0x6c6bc977e13df9b0de53b251522280bb72383700,0xf5575f0d82217b763286441be7d61360fe5abad0,erc20,1001.278343,USDC,0xa0b86991c6218b36c1d19d4a2e9eb0ce3606eb48,0xd23d9adfc9a68f90fdfcdcfd48dd7f893de16a04deeee8abdb2609bfd458f26a,1620277474,candidate_layering
0x6c6bc977e13df9b0de53b251522280bb72383700,0x9328e61c641d946a6c971deb22ecc4c79aee19c7,erc20,2408.712366,USDC,0xa0b86991c6218b36c1d19d4a2e9eb0ce3606eb48,0x9c680be622e5614cc6726556fb30af01dd0193d1ba36dca2b8461041feed02e9,1620277860,candidate_layering
0x6c6bc977e13df9b0de53b251522280bb72383700,0xe592427a0aece92de3edee1f18e0157c05861564,erc20,820.227711,USDC,0xa0b86991c6218b36c1d19d4a2e9eb0ce3606eb48,0x94b539dbbbd2782c034cdc9fccf4170d52e209a9e47d1351ef0c02ffd57dc590,1620278037,candidate_layering
0x6c6bc977e13df9b0de53b251522280bb72383700,0xd4c5226e2108c722bb86ff8327727410dc120b42,erc20,8598.521786,USDC,0xa0b86991c6218b36c1d19d4a2e9eb0ce3606eb48,0xe5dfecdefbc9a93039cc7273d25670db59cf80e158823dc3eca6adf791d35b05,1620278045,candidate_layering
0x6c6bc977e13df9b0de53b251522280bb72383700,0x1b7bf8dc6088aa724134397a3f292f1eeb3f0047,erc20,414.81581,USDC,0xa0b86991c6218b36c1d19d4a2e9eb0ce3606eb48,0x8a55bb92c3623c5a2a80404cf6441c189cbee1714bdec746dbc17e1fd2159dc1,1620278059,candidate_layering
0x6c6bc977e13df9b0de53b251522280bb72383700,0xe592427a0aece92de3edee1f18e0157c05861564,erc20,589.2471122031452,DAI,0x6b175474e89094c44da98b954eedeac495271d0f,0x6e726f2da862f5091a5656d13da32d28de78de0a55527992a6aadf6fe45f9bb1,1620278860,candidate_layering
0x6c6bc977e13df9b0de53b251522280bb72383700,0x314364604fd90583e8c533c70aa89d030d85a158,erc20,10002.761619,USDC,0xa0b86991c6218b36c1d19d4a2e9eb0ce3606eb48,0xf1440cc18ff93654283571f6ff4ab75ad5cdb920dc8d466ff19ca061b2b97b5e,1620279283,candidate_layering
0x6c6bc977e13df9b0de53b251522280bb72383700,0x8e421daa817917fd082628a6113437b03615d4d2,erc20,1032.430138,USDC,0xa0b86991c6218b36c1d19d4a2e9eb0ce3606eb48,0x38c684f96d573455377798289335f2585c9971b1a7091b38b5d53de1c0ee8273,1620279317,candidate_layering
0x6c6bc977e13df9b0de53b251522280bb72383700,0x502bb5979a85d2721d5025569164516f45c6c01d,erc20,49.936255292901,DAI,0x6b175474e89094c44da98b954eedeac495271d0f,0x2abb6aff0ece685ef93096f1d9fc032146667afac1629adb5b9160c118554d16,1620279693,candidate_layering
0x6c6bc977e13df9b0de53b251522280bb72383700,0xe592427a0aece92de3edee1f18e0157c05861564,erc20,2996.174811172055,DAI,0x6b175474e89094c44da98b954eedeac495271d0f,0xe03973dd52365abb15447ea6403d6ef7dbb8a3275412f184ca7ecef1f16f6174,1620280512,candidate_layering
0x6c6bc977e13df9b0de53b251522280bb72383700,0xbfc2c2056b385f4fd095de563456ab87cb2c4670,erc20,3449.2477153225645,DAI,0x6b175474e89094c44da98b954eedeac495271d0f,0xefe53e558f50ae7b8785c93355aaaeef48a81a0ebd2c1e9e595cdc6e43ecdebe,1620280986,candidate_layering
0x6c6bc977e13df9b0de53b251522280bb72383700,0xa3cef011af742f477a535566c4770077561587ad,erc20,25213.021010512028,DAI,0x6b175474e89094c44da98b954eedeac495271d0f,0x865d85e2807758df4d581e858d9c05c39b0323309b79eb2cd5cea5ebb0e82385,1620281179,candidate_layering
0x6c6bc977e13df9b0de53b251522280bb72383700,0xd7bf465a2fa7a373908b9abf5a171dc98150d52a,erc20,4000.0,USDC,0xa0b86991c6218b36c1d19d4a2e9eb0ce3606eb48,0x43dcd38b238e7209381ccfa6ef5b1029242b88e4577ca33dc67704e527fec412,1620281684,candidate_layering
0x6c6bc977e13df9b0de53b251522280bb72383700,0x22f9dcf4647084d6c31b2765f6910cd85c178c18,erc20,29736.406084,USDC,0xa0b86991c6218b36c1d19d4a2e9eb0ce3606eb48,0x754c043682a8d6571f0251d1848f5c26b53ee0136de114451a3688ff2241e322,1620281752,candidate_layering
0x6c6bc977e13df9b0de53b251522280bb72383700,0xed6c446b52d8d08ca3b90aa78bb422d15419ffb7,erc20,4468.310991,USDC,0xa0b86991c6218b36c1d19d4a2e9eb0ce3606eb48,0x89645e274061fcfb0e3524b9a881d68e7e965bcb00eca94ad764245876f939d1,1620281774,candidate_layering
0x6c6bc977e13df9b0de53b251522280bb72383700,0xd63154abc9c6655626f16f0aed41c2e958410724,erc20,5500.0,USDC,0xa0b86991c6218b36c1d19d4a2e9eb0ce3606eb48,0xded835462ec5b12da320f0308a710cb45f62e38d15b57b15c7b53cd629c316f1,1620281836,candidate_layering
0x6c6bc977e13df9b0de53b251522280bb72383700,0xd761b97d8dbaaf908fdf6004b088d16e63aa9222,erc20,120165.536116,USDC,0xa0b86991c6218b36c1d19d4a2e9eb0ce3606eb48,0x3a0b270f2f101f35eded233822a681ad68cf19a9a585a342e9fafe69d363632c,1620281965,candidate_layering
0x6c6bc977e13df9b0de53b251522280bb72383700,0x813295310e2b3feba3fa2b9c6be1d10c41bbc254,erc20,15.0,USDC,0xa0b86991c6218b36c1d19d4a2e9eb0ce3606eb48,0xea402c911a46145b11d2c5b1c2803024569fef964bf9a0d7ab9e180690572efb,1620282007,candidate_layering
0x6c6bc977e13df9b0de53b251522280bb72383700,0xa93d3b5d86770f8ab2130e30556a880be801a994,erc20,5660.464329,USDC,0xa0b86991c6218b36c1d19d4a2e9eb0ce3606eb48,0xe49fbc839341da40f2bd65bab27cb1eb5332b7e9ea834c6b0c9e9a02e4d0793a,1620282849,candidate_layering
0x6c6bc977e13df9b0de53b251522280bb72383700,0x22f9dcf4647084d6c31b2765f6910cd85c178c18,erc20,147130.56843954694,DAI,0x6b175474e89094c44da98b954eedeac495271d0f,0x57f206da521e17fff04a641cf94c11fc4482094ca21e70e224b91e3aec770671,1620283010,candidate_layering
0x6c6bc977e13df9b0de53b251522280bb72383700,0x35a214b13c9e223b8d511f343ac8fa94293233a1,erc20,1.000033,USDC,0xa0b86991c6218b36c1d19d4a2e9eb0ce3606eb48,0x533b73026729520bac6879cbaef1c88175e79771f236c3e89e852bbc2af45878,1620283190,candidate_layering
0x6c6bc977e13df9b0de53b251522280bb72383700,0x842ba7984d5a584a1fa789e3c93df3ef7b07f685,erc20,1027.330549,USDC,0xa0b86991c6218b36c1d19d4a2e9eb0ce3606eb48,0x75ccae34738721a0b7ea3b1a74d78621d108e2f39842e1a54443ce8e2b3b0cba,1620283368,candidate_layering
0x6c6bc977e13df9b0de53b251522280bb72383700,0x3c10ec87d7fb9f2fb1b03878fe73876bd0abcd2d,erc20,2563.654373,USDC,0xa0b86991c6218b36c1d19d4a2e9eb0ce3606eb48,0x856b8dfcfa7034bd5d391538126423e8d1b07c027afc4ef4ed3554cf8370a30a,1620283480,candidate_layering
0x6c6bc977e13df9b0de53b251522280bb72383700,0xe592427a0aece92de3edee1f18e0157c05861564,erc20,4142.762717,USDC,0xa0b86991c6218b36c1d19d4a2e9eb0ce3606eb48,0x7c3b2af8ada69927786bf41d620b25274fe870d17ae1807a30eec7202d10a63e,1620283480,candidate_layering
0x6c6bc977e13df9b0de53b251522280bb72383700,0xe592427a0aece92de3edee1f18e0157c05861564,erc20,599.2349324379832,DAI,0x6b175474e89094c44da98b954eedeac495271d0f,0x287398c2203ae4286c3d746cce990e343252e32f055c9573dfa29ed8554e3174,1620283743,candidate_layering
0x6c6bc977e13df9b0de53b251522280bb72383700,0xe592427a0aece92de3edee1f18e0157c05861564,erc20,561.097735,USDC,0xa0b86991c6218b36c1d19d4a2e9eb0ce3606eb48,0x0d1078fb15e97926a3e1c2a631dcf702e54c8f995622201f75083b25035290cd,1620283982,candidate_layering
0x6c6bc977e13df9b0de53b251522280bb72383700,0x22f9dcf4647084d6c31b2765f6910cd85c178c18,erc20,183141.1321612954,DAI,0x6b175474e89094c44da98b954eedeac495271d0f,0x0fd830c4c2d539f5c417e9159fdc6a96ee41edd97ed6b3bcb61763ff371965e0,1620284252,candidate_layering
0x6c6bc977e13df9b0de53b251522280bb72383700,0xe592427a0aece92de3edee1f18e0157c05861564,erc20,10002.954589,USDC,0xa0b86991c6218b36c1d19d4a2e9eb0ce3606eb48,0xcf4ce7b5c64359f6ae30ea8533003f4a2c8a81afc58afddcc03c271d38556fbf,1620284351,candidate_layering
0x6c6bc977e13df9b0de53b251522280bb72383700,0xe592427a0aece92de3edee1f18e0157c05861564,erc20,80698.933022,USDC,0xa0b86991c6218b36c1d19d4a2e9eb0ce3606eb48,0x893dc3182465ffb7e5935a155be9a5ab59339cafa8f262eed5f269b77b5101bb,1620285231,candidate_layering
0x6c6bc977e13df9b0de53b251522280bb72383700,0xf3ab6c770536b3892ea8b495b9ad1f88790e080f,erc20,6216.521441,USDC,0xa0b86991c6218b36c1d19d4a2e9eb0ce3606eb48,0x8f5226e615f2aa3837e78c32c669198df75ad68f6c73674c9f697552ee7660ae,1620285623,candidate_layering
0x6c6bc977e13df9b0de53b251522280bb72383700,0xe592427a0aece92de3edee1f18e0157c05861564,erc20,1858.4026402051525,DAI,0x6b175474e89094c44da98b954eedeac495271d0f,0x01c27afe29110a237340df784097470d1f831e3e3067b3e512b3ead22228e4d2,1620285731,candidate_layering
0x6c6bc977e13df9b0de53b251522280bb72383700,0x0206539c19b2791dfa12ef09a64f37bf81c7bdbc,erc20,1705.227807,USDC,0xa0b86991c6218b36c1d19d4a2e9eb0ce3606eb48,0x45c945427428386e23a06f2f84c3f09db12905aeb4c0ce626639cfd79582a847,1620285779,candidate_layering
0x6c6bc977e13df9b0de53b251522280bb72383700,0xd49c5ec1beee882689930ad1578f4b45aedb3691,erc20,173.941631,USDC,0xa0b86991c6218b36c1d19d4a2e9eb0ce3606eb48,0xcbe90f7546ca62bdc89d086957e02e57e424be82ca4999c1d11187b5c023e4c8,1620285798,candidate_layering
0x6c6bc977e13df9b0de53b251522280bb72383700,0xe618050f1adb1f6bb7d03a3484346ac42f3e71ee,erc20,2642.238163083854,DAI,0x6b175474e89094c44da98b954eedeac495271d0f,0x5ad1adb077db1dd5e440aea77ed16e04194e4a79b1d15557503217b0539fcc88,1620285865,candidate_layering
0x6c6bc977e13df9b0de53b251522280bb72383700,0xe618050f1adb1f6bb7d03a3484346ac42f3e71ee,erc20,2534.068552,USDC,0xa0b86991c6218b36c1d19d4a2e9eb0ce3606eb48,0x5ad1adb077db1dd5e440aea77ed16e04194e4a79b1d15557503217b0539fcc88,1620285865,candidate_layering
0x6c6bc977e13df9b0de53b251522280bb72383700,0xb5bc21fbfec31033e72b2c83d615112076bfafce,erc20,10.0,USDC,0xa0b86991c6218b36c1d19d4a2e9eb0ce3606eb48,0x2477fb63217246c66a89d8168302f59239775899021ba8460cf01a2a9999b4c3,1620286543,candidate_layering
0x6c6bc977e13df9b0de53b251522280bb72383700,0x14500fcf81e1dfead42eb38f46eed7eb070f363b,erc20,7205.224059,USDC,0xa0b86991c6218b36c1d19d4a2e9eb0ce3606eb48,0x112cac848e6014b51b93073ce2d2bd59c73d462de0b08db78e3cad6feec59989,1620286694,candidate_layering
0x6c6bc977e13df9b0de53b251522280bb72383700,0xa8ebe6dcda66bb74a8db994554d2ad277cb54ada,erc20,1500.0,USDC,0xa0b86991c6218b36c1d19d4a2e9eb0ce3606eb48,0x0acfa7dad7477c4b86f45924ca283fd419e16254f791880d8bd7080e1bde7ed5,1620286873,candidate_layering
0x6c6bc977e13df9b0de53b251522280bb72383700,0xe592427a0aece92de3edee1f18e0157c05861564,erc20,1498.0743504548832,DAI,0x6b175474e89094c44da98b954eedeac495271d0f,0xdc7e868c2684121d09c62c8a432d28ba5cbce1dc20348b78a46c6bda5d1cb088,1620286960,candidate_layering
0x6c6bc977e13df9b0de53b251522280bb72383700,0xda73403464b30330217c48c5b225c60fc5253094,erc20,1000.0,USDC,0xa0b86991c6218b36c1d19d4a2e9eb0ce3606eb48,0xe8f337f36e0b0805bcbe4ce7886608b99ac5c647326e592c27cc6838081ff704,1620287004,candidate_layering
0x6c6bc977e13df9b0de53b251522280bb72383700,0x7b54ade47767d909a514fffdb6b707920ee1fe71,erc20,13636.480578,USDC,0xa0b86991c6218b36c1d19d4a2e9eb0ce3606eb48,0x7eac7503a422e71066aceaf6febac4b67c8314ac5fa89651f4298b09a711585c,1620287278,candidate_layering
0x6c6bc977e13df9b0de53b251522280bb72383700,0xe592427a0aece92de3edee1f18e0157c05861564,erc20,39948.63892495075,DAI,0x6b175474e89094c44da98b954eedeac495271d0f,0xce6194fd041fbe2d34581f0c719f1de621d630776158b4061a0d033c441b8c7b,1620287314,candidate_layering
0x6c6bc977e13df9b0de53b251522280bb72383700,0xe592427a0aece92de3edee1f18e0157c05861564,erc20,449.42099408283826,DAI,0x6b175474e89094c44da98b954eedeac495271d0f,0x0ddfc623e9c2c2242a4ded6629b1c53d7a3d903668a409e51cfaccbf6b901568,1620287366,candidate_layering
0x6c6bc977e13df9b0de53b251522280bb72383700,0x702dd0319d29cf0971954b0ebbe87c22c99efc2f,erc20,3011.149323,USDC,0xa0b86991c6218b36c1d19d4a2e9eb0ce3606eb48,0xaf490ed09f92b5510eea2d3d9f9e6a2c8555b199b1e05c2e958ac22f0f733f99,1620287530,candidate_layering
0x6c6bc977e13df9b0de53b251522280bb72383700,0xec88046690f8206be6cfebc35f9e7eed6651795c,erc20,2512.855523,USDC,0xa0b86991c6218b36c1d19d4a2e9eb0ce3606eb48,0xca8fd5ddca7e5813ce880dee3b3f6dba51231db7b62f4db3302bcfc81b61b001,1620287588,candidate_layering
0x6c6bc977e13df9b0de53b251522280bb72383700,0x2f9677016cb1e92e8f8a999c4541650c80c8637a,erc20,10002.861573,USDC,0xa0b86991c6218b36c1d19d4a2e9eb0ce3606eb48,0x439db6be6ef633996cb4bfa50959a23a56a3c4f3c03f692fa0680a4e6b86c5a4,1620287675,candidate_layering
0x6c6bc977e13df9b0de53b251522280bb72383700,0x9aea42f8cedefaf8b4ee704f8bfe27247fd380a5,erc20,5812.519508324751,DAI,0x6b175474e89094c44da98b954eedeac495271d0f,0x85e12300bab8454054c1018e7d4e08a572cdb19fd4669d59934c55f8491fb58b,1620287707,candidate_layering
0x6c6bc977e13df9b0de53b251522280bb72383700,0xe592427a0aece92de3edee1f18e0157c05861564,erc20,33.65667421197802,DAI,0x6b175474e89094c44da98b954eedeac495271d0f,0xf1b1dcb7b76e0117a933db9057195da1a1ab9f722b5b831c0e9d8d344eb31c18,1620287712,candidate_layering
0x6c6bc977e13df9b0de53b251522280bb72383700,0x2c59900b9442b7a865f93219c04f553a0d7bd003,erc20,3608.96419,USDC,0xa0b86991c6218b36c1d19d4a2e9eb0ce3606eb48,0xeaff6f0729593d93acdda31e04a16ecb2c8c6cde70a7d678bf0e2441f89a7221,1620287807,candidate_layering
0x6c6bc977e13df9b0de53b251522280bb72383700,0xbbf828617a69947b7102ed0e33ef6c068b14eec0,erc20,10000.653908,USDC,0xa0b86991c6218b36c1d19d4a2e9eb0ce3606eb48,0xb3bd3f4219e6beec9e2a744ee4316941b5cddebb996a273c3daf1e1633901aef,1620287898,candidate_layering
0x6c6bc977e13df9b0de53b251522280bb72383700,0xe592427a0aece92de3edee1f18e0157c05861564,erc20,91958.371921,USDC,0xa0b86991c6218b36c1d19d4a2e9eb0ce3606eb48,0xfc1598f2d437642ef9d0da6eb430c9c95bde4f5238c793fe20249601b01e2a49,1620288637,candidate_layering
0x6c6bc977e13df9b0de53b251522280bb72383700,0xe592427a0aece92de3edee1f18e0157c05861564,erc20,1997.4518848140433,DAI,0x6b175474e89094c44da98b954eedeac495271d0f,0xa4db5f3ecff86615dfd9986999ae889469e21ef663e669bb612dac06a9d23037,1620288740,candidate_layering
0x6c6bc977e13df9b0de53b251522280bb72383700,0xe592427a0aece92de3edee1f18e0157c05861564,erc20,10002.742138,USDC,0xa0b86991c6218b36c1d19d4a2e9eb0ce3606eb48,0x7e8ec24376f163cc4aa0e9c5e400552e911bc7017f5506a4719398def6c021ed,1620288801,candidate_layering
0x6c6bc977e13df9b0de53b251522280bb72383700,0xe592427a0aece92de3edee1f18e0157c05861564,erc20,68778.21731,USDC,0xa0b86991c6218b36c1d19d4a2e9eb0ce3606eb48,0x058c774d6fe5004ff4b8e0170b0c22d6a55174075997d24489c654d361297711,1620288802,candidate_layering
0x6c6bc977e13df9b0de53b251522280bb72383700,0xe592427a0aece92de3edee1f18e0157c05861564,erc20,1498.1017051887839,DAI,0x6b175474e89094c44da98b954eedeac495271d0f,0xe607a22f1ec53dc1e8f555d37911e9d34fefb6bc77e910b5997fee4a60031d44,1620289215,candidate_layering
0x6c6bc977e13df9b0de53b251522280bb72383700,0xe592427a0aece92de3edee1f18e0157c05861564,erc20,749.4309797330699,DAI,0x6b175474e89094c44da98b954eedeac495271d0f,0x16ba94f1da5d4b2cfb8ab650f7b9ed704a8b9f04e3f5aead372587c4878747c5,1620289425,candidate_layering
0x6c6bc977e13df9b0de53b251522280bb72383700,0xad20cfcf584a9bb7c51f2d15d142488907f79093,erc20,1000.0,USDC,0xa0b86991c6218b36c1d19d4a2e9eb0ce3606eb48,0xd80351628141b99370437dbb12432fbc73b25961dd713347cd819e1c3f0c09d7,1620289430,candidate_layering
0x6c6bc977e13df9b0de53b251522280bb72383700,0x4391275282640343972af0c53704d69a1d7d3502,erc20,68.64655,USDC,0xa0b86991c6218b36c1d19d4a2e9eb0ce3606eb48,0x690373a1d4c16d3d63c53c3536a36b61f73712b27d1977a09302e9c9a58b86d3,1620289623,candidate_layering
0x6c6bc977e13df9b0de53b251522280bb72383700,0xbb194107d1b738052db56b5be0881d8646058f5e,erc20,717.866624,USDC,0xa0b86991c6218b36c1d19d4a2e9eb0ce3606eb48,0x3c33c6b2c10f5636ff4bc1872c89c8212b88f9005df1c0be64cf64ed487f82dd,1620289923,candidate_layering
0x6c6bc977e13df9b0de53b251522280bb72383700,0x19ac63521615455415a716f5dcbb49d065ae8092,erc20,2000.0,USDC,0xa0b86991c6218b36c1d19d4a2e9eb0ce3606eb48,0x1669b164a1d37e833b64a1d6eefd57d38c2b149982ca198cf81b4b3cd7a59bc1,1620290005,candidate_layering
0x6c6bc977e13df9b0de53b251522280bb72383700,0x9ca52b842635cf3cccf9a638623bbfceec7ad6ed,erc20,1000.0,USDC,0xa0b86991c6218b36c1d19d4a2e9eb0ce3606eb48,0x5aef4a9648197737616d6984f9dec48772879a5b433af8e7ed36ec02b8b66cb9,1620290297,candidate_layering
0x6c6bc977e13df9b0de53b251522280bb72383700,0xaa3d85ad9d128dfecb55424085754f6dfa643eb1,erc20,2000.0,USDC,0xa0b86991c6218b36c1d19d4a2e9eb0ce3606eb48,0xd915ebf7a391c2650a49be7f31463da8a99ffdc23a87a38189c5223bb7e9a235,1620290494,candidate_layering
0x6c6bc977e13df9b0de53b251522280bb72383700,0xf8441dbd0ba82563c673be506c34ee8fd7b6cb34,erc20,694.2348644288529,DAI,0x6b175474e89094c44da98b954eedeac495271d0f,0xbc118f14857294e2c6cd8fbf48af470cbe8140865cd6a735a822293101bb94d2,1620291194,candidate_layering
0x6c6bc977e13df9b0de53b251522280bb72383700,0xc1563bdf57bdb990c89070aa72cda57fe8d6913d,erc20,393.063757,USDC,0xa0b86991c6218b36c1d19d4a2e9eb0ce3606eb48,0x58c612a0ecbc4fd7769907993f0534a55fce3a2ac18a78ec07a83c77556777e4,1620291545,candidate_layering
0x6c6bc977e13df9b0de53b251522280bb72383700,0x4e32f5a4cfa86c6c1fde3076a4c5c1dc7483c962,erc20,6865.856619,USDC,0xa0b86991c6218b36c1d19d4a2e9eb0ce3606eb48,0xabd34e3e898aae1487654900c673229642751f47c286ed8c7ffa2888368043d1,1620291556,candidate_layering
0x6c6bc977e13df9b0de53b251522280bb72383700,0x34fcfb7114d4bbd1164e24ed1155a9b8956b67c3,erc20,10000.0,USDC,0xa0b86991c6218b36c1d19d4a2e9eb0ce3606eb48,0xaeb762d22b3e2959d5594bf148f19fe60513e00e0dd732129e9af7e7617340d4,1620291673,candidate_layering
0x6c6bc977e13df9b0de53b251522280bb72383700,0x96644bfd639667b3e182630c5e3bdcb5f7875c87,erc20,1230.376178,USDC,0xa0b86991c6218b36c1d19d4a2e9eb0ce3606eb48,0x003ef5f2c26d3e67a2040bf6339f4ccb71a5b2629f257aed61e5d26f88e30aed,1620291703,candidate_layering
0x6c6bc977e13df9b0de53b251522280bb72383700,0xc2e9f25be6257c210d7adf0d4cd6e3e881ba25f8,erc20,34428.79563763732,DAI,0x6b175474e89094c44da98b954eedeac495271d0f,0xb38efc5eccea8a03b528878bfaf0d92885961ace915c1a194ad43cf262d2b2e4,1620291772,candidate_layering
0x6c6bc977e13df9b0de53b251522280bb72383700,0xe592427a0aece92de3edee1f18e0157c05861564,erc20,129834.38264844021,DAI,0x6b175474e89094c44da98b954eedeac495271d0f,0x629ac0bd5df41e5de6e1188b565d3e19b8a3f931c1e4b51ab576770af0b8d001,1620291828,candidate_layering
0x6c6bc977e13df9b0de53b251522280bb72383700,0x455d7eb74860d0937423b9184f9e8461aa354ebb,erc20,427666.3864425295,DAI,0x6b175474e89094c44da98b954eedeac495271d0f,0xb354b03640bdc2830dc777edc93aefb26bcae5a5c30b342ab6b33cff876ec6e3,1620291944,candidate_layering
0x6c6bc977e13df9b0de53b251522280bb72383700,0x455d7eb74860d0937423b9184f9e8461aa354ebb,erc20,950679.685151,USDC,0xa0b86991c6218b36c1d19d4a2e9eb0ce3606eb48,0xb354b03640bdc2830dc777edc93aefb26bcae5a5c30b342ab6b33cff876ec6e3,1620291944,candidate_layering
0x6c6bc977e13df9b0de53b251522280bb72383700,0xa38da4974b594204b73581ac5fbc1ebee54ca4e0,erc20,300079.544734,USDC,0xa0b86991c6218b36c1d19d4a2e9eb0ce3606eb48,0x07c5770b84a48ad607a793abea29b5f49adcd790a18f628012b70e47c46619a6,1620292194,candidate_layering
0x6c6bc977e13df9b0de53b251522280bb72383700,0xe592427a0aece92de3edee1f18e0157c05861564,erc20,15765.569055,USDC,0xa0b86991c6218b36c1d19d4a2e9eb0ce3606eb48,0x921f8f4ddae3a23cb005bed517921174bf4f74848179424118563eb914128f3a,1620292200,candidate_layering
0x6c6bc977e13df9b0de53b251522280bb72383700,0x0e86817e80bf4360d7b3aed47e60b310c52576fc,erc20,1000.0,USDC,0xa0b86991c6218b36c1d19d4a2e9eb0ce3606eb48,0x2a3de83394040450de06e04ca03e1ea81cf2249a229593337305fdecd15a23d2,1620292436,candidate_layering
0x6c6bc977e13df9b0de53b251522280bb72383700,0x7ce471ba8f874f49f6b4ba03007b73c08d2210f5,erc20,5111.944612,USDC,0xa0b86991c6218b36c1d19d4a2e9eb0ce3606eb48,0xa3ec4554e2d0302f917b60cc5e2e967b4245cf98d668f08943714ca9115e67a0,1620292482,candidate_layering
0x6c6bc977e13df9b0de53b251522280bb72383700,0xe592427a0aece92de3edee1f18e0157c05861564,erc20,1000.246036,USDC,0xa0b86991c6218b36c1d19d4a2e9eb0ce3606eb48,0x9aede983dc28b01a166b63007d196bceba5b641652c797dd308d9914f9b7dd90,1620292482,candidate_layering
0x6c6bc977e13df9b0de53b251522280bb72383700,0xe592427a0aece92de3edee1f18e0157c05861564,erc20,299.62636763306045,DAI,0x6b175474e89094c44da98b954eedeac495271d0f,0x09e71e509cbd6b07401689191f585a6a46893eae3907a6634ad364437ece5ffc,1620292624,candidate_layering
0x6c6bc977e13df9b0de53b251522280bb72383700,0x60594a405d53811d3bc4766596efd80fd545a270,erc20,3420.650501908148,DAI,0x6b175474e89094c44da98b954eedeac495271d0f,0x450ae0a4cce327a042f48119a4846a4f8ed4a30ef524c0e6ad8851824da148d4,1620293053,candidate_layering
0x6c6bc977e13df9b0de53b251522280bb72383700,0x1c998c40991d2b5006306bdc7b50d9ff38ac38f6,erc20,9322.713451,USDC,0xa0b86991c6218b36c1d19d4a2e9eb0ce3606eb48,0x9cd39b47aeaf964550ca16e0800d32404bd031c2536db023f979100fd7409c5a,1620293248,candidate_layering
0x6c6bc977e13df9b0de53b251522280bb72383700,0xe592427a0aece92de3edee1f18e0157c05861564,erc20,6001.470165,USDC,0xa0b86991c6218b36c1d19d4a2e9eb0ce3606eb48,0xdf8c872d5e5ce6a9372ab79f019b9e929ae600fc4a785e158f70703d3b353721,1620293380,candidate_layering
0x6c6bc977e13df9b0de53b251522280bb72383700,0xe592427a0aece92de3edee1f18e0157c05861564,erc20,719.1041901314737,DAI,0x6b175474e89094c44da98b954eedeac495271d0f,0x5454e5065edffa901a180c687183f442a24f9ae38c0c8e1b3c796e6702d1c3f0,1620293447,candidate_layering
0x6c6bc977e13df9b0de53b251522280bb72383700,0xb0487bdc8be66895eb1508062c73d14bb18a88ca,erc20,21128.178310582993,DAI,0x6b175474e89094c44da98b954eedeac495271d0f,0x220785e880eecdae9c7f432edd4d13034a56f8b287aaac13e42bb9d42ae2db0d,1620293818,candidate_layering
0x6c6bc977e13df9b0de53b251522280bb72383700,0x5e319197eec60557b1bce63c1345752af4086f50,erc20,137.96499516785272,DAI,0x6b175474e89094c44da98b954eedeac495271d0f,0xb5074715864b4f520afef7b285fb166a5af54eae6c69067f18fe751f2f5da74c,1620294033,candidate_layering
0x6c6bc977e13df9b0de53b251522280bb72383700,0xe592427a0aece92de3edee1f18e0157c05861564,erc20,2496.8832147476132,DAI,0x6b175474e89094c44da98b954eedeac495271d0f,0xdb02af11792dbca35916364bee1db54860b9e02a17fc7800eefb778d047f0fa7,1620294192,candidate_layering
0x6c6bc977e13df9b0de53b251522280bb72383700,0xc3e837b3080a48886112906be547f5aeb27edb13,erc20,799.0,USDC,0xa0b86991c6218b36c1d19d4a2e9eb0ce3606eb48,0x66b0230d3717e71b519ba0407801d9f3e45cb3bce2e88e4927de366fab01ef30,1620294263,candidate_layering
0x6c6bc977e13df9b0de53b251522280bb72383700,0x7fe86401944cfe2d15f2d7149373e1c73554546a,erc20,99.87532305196427,DAI,0x6b175474e89094c44da98b954eedeac495271d0f,0xae3fe26abc531c7cc01a5f42a5cd44514efc624ddd586414baa16dfdbd1bad80,1620294487,candidate_layering
0x6c6bc977e13df9b0de53b251522280bb72383700,0xe592427a0aece92de3edee1f18e0157c05861564,erc20,58014.158846,USDC,0xa0b86991c6218b36c1d19d4a2e9eb0ce3606eb48,0xe2bc2a2cfd3a632dfb42794e2ebf9d9ac4dcc292ad8f196ef119e80764ae7ee0,1620294595,candidate_layering
0x6c6bc977e13df9b0de53b251522280bb72383700,0xa5b0c665e95545604f0a1dd0e3ecd857a9c2d2c9,erc20,11098.067461810153,DAI,0x6b175474e89094c44da98b954eedeac495271d0f,0xd41c3c6a3cc8671da429e77dadce2b18dfc16c490ebff2d2dfc54cbe11901414,1620294901,candidate_layering
0x6c6bc977e13df9b0de53b251522280bb72383700,0xa5b0c665e95545604f0a1dd0e3ecd857a9c2d2c9,erc20,11507.116406,USDC,0xa0b86991c6218b36c1d19d4a2e9eb0ce3606eb48,0xd41c3c6a3cc8671da429e77dadce2b18dfc16c490ebff2d2dfc54cbe11901414,1620294901,candidate_layering
0x6c6bc977e13df9b0de53b251522280bb72383700,0xa5b0c665e95545604f0a1dd0e3ecd857a9c2d2c9,erc20,1886.666788003905,DAI,0x6b175474e89094c44da98b954eedeac495271d0f,0x56652621aeadccf7f6d2fce0fc4954df434aa710e737d81446f446bfaaee6119,1620295577,candidate_layering
0x6c6bc977e13df9b0de53b251522280bb72383700,0xa5b0c665e95545604f0a1dd0e3ecd857a9c2d2c9,erc20,1956.207609,USDC,0xa0b86991c6218b36c1d19d4a2e9eb0ce3606eb48,0x56652621aeadccf7f6d2fce0fc4954df434aa710e737d81446f446bfaaee6119,1620295577,candidate_layering
0x6c6bc977e13df9b0de53b251522280bb72383700,0xe592427a0aece92de3edee1f18e0157c05861564,erc20,1143.650075112574,DAI,0x6b175474e89094c44da98b954eedeac495271d0f,0xa8ef5ee3b1e80126236c276f094f8848291fe6e28381b9763e266fba4060cac8,1620295687,candidate_layering
0x6c6bc977e13df9b0de53b251522280bb72383700,0xf8abd7383110aebda2976bdcb236643699e7ba9c,erc20,2047.2202098334064,DAI,0x6b175474e89094c44da98b954eedeac495271d0f,0xf8c482af889c12096507e4c0d039e3e8bc114e7757913d9ba2070264ea25963b,1620296505,candidate_layering
0x6c6bc977e13df9b0de53b251522280bb72383700,0xe592427a0aece92de3edee1f18e0157c05861564,erc20,3454.205317,USDC,0xa0b86991c6218b36c1d19d4a2e9eb0ce3606eb48,0x9a74158793ed8409e096c922629f414fc96850cc98d0779bef74d5a202978f86,1620296687,candidate_layering
0x6c6bc977e13df9b0de53b251522280bb72383700,0x5df4ba37b90a463498cdddfb72e3c7c3bb7da347,erc20,500.0,DAI,0x6b175474e89094c44da98b954eedeac495271d0f,0xe4e11f914b066634167bee56d3a4708d1c0f11e36692c59f84e6028959bb01da,1620296707,candidate_layering
0x6c6bc977e13df9b0de53b251522280bb72383700,0x4aa01d56d056141766e4e7b61eff5b5375aa6bb1,erc20,10150.0,USDC,0xa0b86991c6218b36c1d19d4a2e9eb0ce3606eb48,0xc61d183f7601b901ca9c4cd81f78d4e2fd78b64780865b2b100cedaff6167486,1620296709,candidate_layering
0x6c6bc977e13df9b0de53b251522280bb72383700,0xe592427a0aece92de3edee1f18e0157c05861564,erc20,40009.503471,USDC,0xa0b86991c6218b36c1d19d4a2e9eb0ce3606eb48,0x4d8c57a8b503dcf0b3ca98ac59ab870cbdbd10c627e54c44938aaf2b87133f17,1620296724,candidate_layering
0x6c6bc977e13df9b0de53b251522280bb72383700,0x0000000000007f150bd6f54c40a34d7c3d5e9f56,erc20,99875.96400245395,DAI,0x6b175474e89094c44da98b954eedeac495271d0f,0x30126dcd9f9d1d5aa7bfc7159cc3acb999e1ca5021ffcae4b74c210a3764eb57,1620297005,candidate_layering
0x6c6bc977e13df9b0de53b251522280bb72383700,0x40eb586f9bd55b1a05b6f840e0b43d4877494050,erc20,4000.0,USDC,0xa0b86991c6218b36c1d19d4a2e9eb0ce3606eb48,0x3992fb053b257b3c6c031aade66aead8d4891b032171dd1b88911966f199e559,1620297200,candidate_layering
0x6c6bc977e13df9b0de53b251522280bb72383700,0x45fd07c63e5c316540f14b2002b085aee78e3881,erc20,6098.563628,USDC,0xa0b86991c6218b36c1d19d4a2e9eb0ce3606eb48,0xf6a968a7325f00dd212022dad0b09e16cffcf33a47361b243543973fd440bab1,1620297200,candidate_layering
0x6c6bc977e13df9b0de53b251522280bb72383700,0x455d7eb74860d0937423b9184f9e8461aa354ebb,erc20,452797.35213361605,DAI,0x6b175474e89094c44da98b954eedeac495271d0f,0x72a1cc934ed3f21c23c35e199668a68466dbe93a906978a11add4c368c33b6c7,1620297276,candidate_layering
0x6c6bc977e13df9b0de53b251522280bb72383700,0x455d7eb74860d0937423b9184f9e8461aa354ebb,erc20,236390.664408,USDC,0xa0b86991c6218b36c1d19d4a2e9eb0ce3606eb48,0x72a1cc934ed3f21c23c35e199668a68466dbe93a906978a11add4c368c33b6c7,1620297276,candidate_layering
0x6c6bc977e13df9b0de53b251522280bb72383700,0x916c2cd2f87c0e9d7a02b76aa8ba6cb6586187d4,erc20,22374.363488,USDC,0xa0b86991c6218b36c1d19d4a2e9eb0ce3606eb48,0xe33a2f7999f23f2c2e854795987c51460a55e977642eab2a02dddf1b8d38b8eb,1620297471,candidate_layering
0x6c6bc977e13df9b0de53b251522280bb72383700,0xe592427a0aece92de3edee1f18e0157c05861564,erc20,14981.351536426066,DAI,0x6b175474e89094c44da98b954eedeac495271d0f,0x52b21a80dfcdc99b3ac53bf5faec645c55d69981f220fd8487d0c943ac24a11f,1620297471,candidate_layering
0x6c6bc977e13df9b0de53b251522280bb72383700,0xe6550bdd9d7b164b4930ac4a61f65cf7f94b98b9,erc20,910.857181,USDC,0xa0b86991c6218b36c1d19d4a2e9eb0ce3606eb48,0x0b9f300110e59eacd56f2308f196998c72268d4a0dbe02165ee455dc7e76ac14,1620297478,candidate_layering
0x6c6bc977e13df9b0de53b251522280bb72383700,0x864a2b0f12b90a8dfd38f5e93ac6dc169dc0df5c,erc20,5000.0,USDC,0xa0b86991c6218b36c1d19d4a2e9eb0ce3606eb48,0xce1f6067f8240fdb1e62eca8af7aadaef7762ad09abe1efda309fa456b5bcef1,1620297626,candidate_layering
0x6c6bc977e13df9b0de53b251522280bb72383700,0x8ed2b62f6bc83bfbc3380e5fa1271e95f38837e3,erc20,400.097571,USDC,0xa0b86991c6218b36c1d19d4a2e9eb0ce3606eb48,0xa099086c223a34bea927ed6fc07ad30cc9d0f1f512773cc12c6c76e8072e1e49,1620297635,candidate_layering
0x6c6bc977e13df9b0de53b251522280bb72383700,0x40eb586f9bd55b1a05b6f840e0b43d4877494050,erc20,2000.0,USDC,0xa0b86991c6218b36c1d19d4a2e9eb0ce3606eb48,0x5edc21b439397af8d5d3ba2f207f76e7e5bfa4ef3afb909a1dcb92815094a8bd,1620297717,candidate_layering
0x6c6bc977e13df9b0de53b251522280bb72383700,0xb29bf13956d2cda64549d690e3a3209bb661a486,erc20,4000.0,USDC,0xa0b86991c6218b36c1d19d4a2e9eb0ce3606eb48,0x623b7b10bd51873c9101f879f957da855bef8728605f0e2f357d2679b998e929,1620297839,candidate_layering
0x6c6bc977e13df9b0de53b251522280bb72383700,0x94cb6789a432987a360ad96b81dc69b6f0f1e76e,erc20,1747.171519,USDC,0xa0b86991c6218b36c1d19d4a2e9eb0ce3606eb48,0xde2c606df905c04f2f018f54905d505babfba889587b09ce8c5ec493559f173b,1620297872,candidate_layering
0x6c6bc977e13df9b0de53b251522280bb72383700,0xe592427a0aece92de3edee1f18e0157c05861564,erc20,500108.575419,USDC,0xa0b86991c6218b36c1d19d4a2e9eb0ce3606eb48,0xb3ec6d58e72aa950d4324d107826966ef0f0a11fb9ed54bfa421e2b20ac2288c,1620298792,candidate_layering
0x6c6bc977e13df9b0de53b251522280bb72383700,0x0000000000007f150bd6f54c40a34d7c3d5e9f56,erc20,174335.11508645344,DAI,0x6b175474e89094c44da98b954eedeac495271d0f,0xd6d9c4f0385aa7b4d4f63a27f906a6feeff3c382cf35cd203374319b80d4f53f,1620298978,candidate_layering
0x6c6bc977e13df9b0de53b251522280bb72383700,0xf6b366a9a248e298e28afebe4b20e25548e4ee33,erc20,243029.348781,USDC,0xa0b86991c6218b36c1d19d4a2e9eb0ce3606eb48,0xeb28024d07aa7f801fbbc757a917564714d75b960d190057c862a910172da268,1620300098,candidate_layering
0x6c6bc977e13df9b0de53b251522280bb72383700,0xe592427a0aece92de3edee1f18e0157c05861564,erc20,1242.078093,USDC,0xa0b86991c6218b36c1d19d4a2e9eb0ce3606eb48,0x436ac285bc388e44f9ebb158d277f5bcec957984b6e70d1b9afc8c787c3ec26f,1620300270,candidate_layering
0x6c6bc977e13df9b0de53b251522280bb72383700,0xe592427a0aece92de3edee1f18e0157c05861564,erc20,100.018394,USDC,0xa0b86991c6218b36c1d19d4a2e9eb0ce3606eb48,0x6a7d96778247b970d83de51d269ca8e9b0be397545342d4d5f5f5b07cb4a4e80,1620300922,candidate_layering
0x6c6bc977e13df9b0de53b251522280bb72383700,0xe592427a0aece92de3edee1f18e0157c05861564,erc20,5093.962924298079,DAI,0x6b175474e89094c44da98b954eedeac495271d0f,0x6343bde6018305a8647352aa22815c082f65b3735989d1bf3d509dde6a478a7a,1620301026,candidate_layering
0x6c6bc977e13df9b0de53b251522280bb72383700,0x88e6a0c2ddd26feeb64f039a2c41296fcb3f5640,erc20,3491.86573,USDC,0xa0b86991c6218b36c1d19d4a2e9eb0ce3606eb48,0x058bb84903484fdd4e7192a99927321ecb9876ec84ab51c19f21212e9f50c6fb,1620301058,candidate_layering
0x6c6bc977e13df9b0de53b251522280bb72383700,0x0000000000007f150bd6f54c40a34d7c3d5e9f56,erc20,99881.11780446624,DAI,0x6b175474e89094c44da98b954eedeac495271d0f,0x56383a9e2584183b56c593fce859dce9bba5bcf6b2970643d1c1defb5831cb32,1620301218,candidate_layering
0x6c6bc977e13df9b0de53b251522280bb72383700,0xe592427a0aece92de3edee1f18e0157c05861564,erc20,9988.054807718652,DAI,0x6b175474e89094c44da98b954eedeac495271d0f,0x35926670a65218400b86dc49b608efdf004a897b096da9b2cd993f28575b0886,1620301273,candidate_layering
0x6c6bc977e13df9b0de53b251522280bb72383700,0x663d29e6a43c67b4480a0be9a7f71fc064e9ce37,erc20,99626.90639854458,DAI,0x6b175474e89094c44da98b954eedeac495271d0f,0x51af9a54d3d07cda2862d75c58f80ea01eefc64bb5d8719ed8f5314a62cc4ff8,1620301296,candidate_layering
0x6c6bc977e13df9b0de53b251522280bb72383700,0x663d29e6a43c67b4480a0be9a7f71fc064e9ce37,erc20,6922.703656,USDC,0xa0b86991c6218b36c1d19d4a2e9eb0ce3606eb48,0x51af9a54d3d07cda2862d75c58f80ea01eefc64bb5d8719ed8f5314a62cc4ff8,1620301296,candidate_layering
0x6c6bc977e13df9b0de53b251522280bb72383700,0xa5a663b7951dddff89b01194ee16f3af276051c1,erc20,2788.8777947920034,DAI,0x6b175474e89094c44da98b954eedeac495271d0f,0xa8872a81a99c52d92bbf206dad46e22e07922e7fca2b7c22d7b8d1056e8ca5e0,1620301686,candidate_layering
0x6c6bc977e13df9b0de53b251522280bb72383700,0x00f6f5e9b146ebc9ff8186d989fabb32cbcbf5b6,erc20,3671.937147,USDC,0xa0b86991c6218b36c1d19d4a2e9eb0ce3606eb48,0x5db24de5dec2672c069daad823408aaa34b010ae5d2f1eb5e194f3d437bdc1a1,1620301963,candidate_layering
0x6c6bc977e13df9b0de53b251522280bb72383700,0xbc2e7d827c788005ba971599d7f7dc911673a6f5,erc20,1000.0,USDC,0xa0b86991c6218b36c1d19d4a2e9eb0ce3606eb48,0xea13c4f0f8d6c5a80871f9010fdd2bb009ded580e17defd34610a3c5ff0b5e12,1620301966,candidate_layering
0x6c6bc977e13df9b0de53b251522280bb72383700,0x455d7eb74860d0937423b9184f9e8461aa354ebb,erc20,917738.0749912146,DAI,0x6b175474e89094c44da98b954eedeac495271d0f,0x6fb1bd484b4704b952445657c2ef9168ed64ef4273a0b1c09db493faf9fcfc25,1620301988,candidate_layering
0x6c6bc977e13df9b0de53b251522280bb72383700,0x455d7eb74860d0937423b9184f9e8461aa354ebb,erc20,380311.763197,USDC,0xa0b86991c6218b36c1d19d4a2e9eb0ce3606eb48,0x6fb1bd484b4704b952445657c2ef9168ed64ef4273a0b1c09db493faf9fcfc25,1620301988,candidate_layering
0x6c6bc977e13df9b0de53b251522280bb72383700,0xe592427a0aece92de3edee1f18e0157c05861564,erc20,32.660928599430854,DAI,0x6b175474e89094c44da98b954eedeac495271d0f,0xb50c136c2403adda779249c73e0f82b9e46b947ae30945405c6507674a0e3c9e,1620301989,candidate_layering
0x6c6bc977e13df9b0de53b251522280bb72383700,0xd63154abc9c6655626f16f0aed41c2e958410724,erc20,1000.0,USDC,0xa0b86991c6218b36c1d19d4a2e9eb0ce3606eb48,0x2d0bb9685ddcb6d3843dff05313357cdf548511e4dd6456af26d9421a7430bc4,1620302078,candidate_layering
0x6c6bc977e13df9b0de53b251522280bb72383700,0xe592427a0aece92de3edee1f18e0157c05861564,erc20,2049.774861,USDC,0xa0b86991c6218b36c1d19d4a2e9eb0ce3606eb48,0x5b5d95994e51b0ab8819818c02b35a3e63cf1b5f9c1b065bb8dcb18d2831d32f,1620302236,candidate_layering
0x6c6bc977e13df9b0de53b251522280bb72383700,0xd2ca761ca3482d23f88e016c5ed52a35fb1e59ae,erc20,4978.721557062465,DAI,0x6b175474e89094c44da98b954eedeac495271d0f,0x928408b41543aeb3bb1478210a7726dcd07007a28fd86f82ad202ff9973724bc,1620302528,candidate_layering
0x6c6bc977e13df9b0de53b251522280bb72383700,0xd2ca761ca3482d23f88e016c5ed52a35fb1e59ae,erc20,3702.162162,USDC,0xa0b86991c6218b36c1d19d4a2e9eb0ce3606eb48,0x928408b41543aeb3bb1478210a7726dcd07007a28fd86f82ad202ff9973724bc,1620302528,candidate_layering
0x6c6bc977e13df9b0de53b251522280bb72383700,0xe71fda8eb295d2603704fc2b0994e483671c33b4,erc20,1050.92393,USDC,0xa0b86991c6218b36c1d19d4a2e9eb0ce3606eb48,0xe8a5b0a20253ac6f4addd1ea5609bc8755757913e6ecaf009156ac3d4cf6744a,1620302528,candidate_layering
0x6c6bc977e13df9b0de53b251522280bb72383700,0x497d41e5285b307625dace6b6a834127e59f5304,erc20,3702.702063,USDC,0xa0b86991c6218b36c1d19d4a2e9eb0ce3606eb48,0x33d32780b5351e795cfad0688eec4a4dc7c1241c97d9a8d9482d0611b68ffa9f,1620302592,candidate_layering
0x6c6bc977e13df9b0de53b251522280bb72383700,0xe592427a0aece92de3edee1f18e0157c05861564,erc20,5733.144978955387,DAI,0x6b175474e89094c44da98b954eedeac495271d0f,0xe4d5dc1f8f3734689e411cfbf9183365455238655c9885644735824d4b1127c2,1620302604,candidate_layering
0x6c6bc977e13df9b0de53b251522280bb72383700,0x3b712caf7427fb8bf2a9e7305086cfee5bb36f2e,erc20,19340.0,DAI,0x6b175474e89094c44da98b954eedeac495271d0f,0x354285cdf044d36349411bd224ef78f499ca87488e399a9ce4b357865338dfad,1620302677,candidate_layering
0x6c6bc977e13df9b0de53b251522280bb72383700,0x2718f0fca1fce36c19295a118d833fc21cd18b1a,erc20,1993.0,USDC,0xa0b86991c6218b36c1d19d4a2e9eb0ce3606eb48,0x13630f7b93829fe606fa71d80ef4e659ca7ca9d23f492de91ccc9e98211e6ea0,1620302790,candidate_layering
0x6c6bc977e13df9b0de53b251522280bb72383700,0xe592427a0aece92de3edee1f18e0157c05861564,erc20,3795.45175863332,DAI,0x6b175474e89094c44da98b954eedeac495271d0f,0x9f20d7a5dc2eeb82e8af146a289d606e1e602229a85da877536843ce891a868f,1620302833,candidate_layering
0x6c6bc977e13df9b0de53b251522280bb72383700,0x502ce3b04e01a49d235428b7a6e1de934b8cd473,erc20,192.932794,USDC,0xa0b86991c6218b36c1d19d4a2e9eb0ce3606eb48,0xe06764e6598775a2cd6c6a2f73f29e1418d0bf8d54eef14305319f3f3e3f0dfb,1620302943,candidate_layering
0x6c6bc977e13df9b0de53b251522280bb72383700,0xdd462a6edb182fa3b0804693024d5fd5dfa144a5,erc20,3116.277643,USDC,0xa0b86991c6218b36c1d19d4a2e9eb0ce3606eb48,0x823d8c0d9c3cd4f9a52a826dbccca41a4bd27ebec7d6d38779d169db50822181,1620302974,candidate_layering
0x6c6bc977e13df9b0de53b251522280bb72383700,0x3a1191fd67baab90ec07efa8b78b46c315ff7c64,erc20,500.0,USDC,0xa0b86991c6218b36c1d19d4a2e9eb0ce3606eb48,0x1193dba8a2a5ab38b8acf346d8094b6e2c68a49d3b1ae2c0b4516fb08743557d,1620302991,candidate_layering
0x6c6bc977e13df9b0de53b251522280bb72383700,0xa9585dfc9e1d8c6b93ec874460952c657e4bd76c,erc20,1052.343233,USDC,0xa0b86991c6218b36c1d19d4a2e9eb0ce3606eb48,0x346ccc68bf9970c89374e0dd156e0e211fdde6bf8056313f2cd3048edf10317d,1620303023,candidate_layering
0x6c6bc977e13df9b0de53b251522280bb72383700,0xa9585dfc9e1d8c6b93ec874460952c657e4bd76c,erc20,1052.174671,USDC,0xa0b86991c6218b36c1d19d4a2e9eb0ce3606eb48,0x15d2930be6212d9aa3ded3b98cab2fa03878651ecc98475ee444b7d244fabe12,1620303045,candidate_layering
0x6c6bc977e13df9b0de53b251522280bb72383700,0x759b13ff084ce6599afee02b50acdd8e47468ef7,erc20,2400.0,USDC,0xa0b86991c6218b36c1d19d4a2e9eb0ce3606eb48,0x04b8d5f20acee650c80791848001851afabbb5118c60db440df9a437c071faa3,1620303133,candidate_layering
0x6c6bc977e13df9b0de53b251522280bb72383700,0xe592427a0aece92de3edee1f18e0157c05861564,erc20,2688.779564919633,DAI,0x6b175474e89094c44da98b954eedeac495271d0f,0x6940adf3425f24b94427ca261fbab9eac9b65306ef7ec5ebecf835bce53068e8,1620303133,candidate_layering
0x6c6bc977e13df9b0de53b251522280bb72383700,0x7420fa58ba44e1141d5e9adb6903be549f7ce0b5,erc20,4071.916695,USDC,0xa0b86991c6218b36c1d19d4a2e9eb0ce3606eb48,0x247c617b620b5e056c7d9de14a0a57e27dd30be35f41e814a842d3bba97c9c38,1620303226,candidate_layering
0x6c6bc977e13df9b0de53b251522280bb72383700,0x5983f13a7c836dbe0d0c2c05b8ee6c17c75934fb,erc20,1250.0,USDC,0xa0b86991c6218b36c1d19d4a2e9eb0ce3606eb48,0x2cc6e05f273e18b9e775051dde080d019aff862d66d6a93752df04b8fd6c8038,1620303354,candidate_layering
0x6c6bc977e13df9b0de53b251522280bb72383700,0x0f651ec1d3fbba195e06478dff2bca215d653e63,erc20,105.083039,USDC,0xa0b86991c6218b36c1d19d4a2e9eb0ce3606eb48,0x81be11842334cdae5a0a932126beb386728976cf9a5293c467411dff0665068c,1620303379,candidate_layering
0x6c6bc977e13df9b0de53b251522280bb72383700,0xffe10080e156172f5742fdd4a5bf70208b419b98,erc20,350.275233,USDC,0xa0b86991c6218b36c1d19d4a2e9eb0ce3606eb48,0x8a4f8e2b8325b884ad2766c305933b1f7d188c2bef7d3eb8b64860ed935687a8,1620303417,candidate_layering
0x6c6bc977e13df9b0de53b251522280bb72383700,0x4cc8c9a45b953a1922d8700e7cf4c0489d0b4154,erc20,550.0,USDC,0xa0b86991c6218b36c1d19d4a2e9eb0ce3606eb48,0xc71df2dacf1b2f6130c7adb2ac39b2686a15c584853d3c827891e54dfecdac9d,1620303789,candidate_layering
0x6c6bc977e13df9b0de53b251522280bb72383700,0x82f3a2df97f9ab7f7c11ba6f3fda1c955054c23c,erc20,3.503241,USDC,0xa0b86991c6218b36c1d19d4a2e9eb0ce3606eb48,0x71cf0cf176b800738cacf8abd35da731b172e1f0fc6708e31bd47e93938e614a,1620304067,candidate_layering
0x6c6bc977e13df9b0de53b251522280bb72383700,0x7df8b7947622ba694c8dc2f0ebbf062ca7a7d099,erc20,147.135929,USDC,0xa0b86991c6218b36c1d19d4a2e9eb0ce3606eb48,0x904964a4209989f01614df7c4759ea266374b6db6b41351ed711ce13ef0283c9,1620304076,candidate_layering
0x6c6bc977e13df9b0de53b251522280bb72383700,0x9bae53813ab5c15bfdc9d53944d61f77ef140e93,erc20,595.536566,USDC,0xa0b86991c6218b36c1d19d4a2e9eb0ce3606eb48,0x84b9485c89c6d9b89d2ea0ade70293c441c4f9fcd8bd4172a0534654e9f9cb1c,1620304150,candidate_layering
0x6c6bc977e13df9b0de53b251522280bb72383700,0x3a1191fd67baab90ec07efa8b78b46c315ff7c64,erc20,900.0,USDC,0xa0b86991c6218b36c1d19d4a2e9eb0ce3606eb48,0x6b8100e7c72b6e0108389de10b66e6223940da692dd1730ea69e6ed584f470f4,1620304151,candidate_layering
0x6c6bc977e13df9b0de53b251522280bb72383700,0x1cd8cd5394c1342d3c3e69317631aab1c5236aad,erc20,683.1082,USDC,0xa0b86991c6218b36c1d19d4a2e9eb0ce3606eb48,0x6a3b4f88f12e412b5063cbcebade4c09ff0a122ad7cfa40890551976129db2d1,1620304306,candidate_layering
0x6c6bc977e13df9b0de53b251522280bb72383700,0x951328f40a549bc6fd9b3f3adf5d4b6e6720f981,erc20,1400.0,USDC,0xa0b86991c6218b36c1d19d4a2e9eb0ce3606eb48,0x0c6f990c4e0f3f7259dd62abc67ea695d2616b59a0b46915fde143e4e18ab421,1620304312,candidate_layering
0x6c6bc977e13df9b0de53b251522280bb72383700,0x8fdc5237b06f851d459e9c5befc8792ad278bb00,erc20,503.35525059335777,DAI,0x6b175474e89094c44da98b954eedeac495271d0f,0x41474b403e9fbd121b3eb2d83758b83a1b2f0878f39714637c871ff284c0be7e,1620304349,candidate_layering
0x6c6bc977e13df9b0de53b251522280bb72383700,0x86a41524cb61edd8b115a72ad9735f8068996688,erc20,1751.469751,USDC,0xa0b86991c6218b36c1d19d4a2e9eb0ce3606eb48,0x1cff8d1734c4ec3188f9bbce86d15fb49a886d0bc04e3c34d28690c2390c4b34,1620304457,candidate_layering
0x6c6bc977e13df9b0de53b251522280bb72383700,0xea24d9d9586207101e6784542e8a1d4e5ace90e6,erc20,2101.684344,USDC,0xa0b86991c6218b36c1d19d4a2e9eb0ce3606eb48,0xfa3c727c85374dd2f3418517c31ab3ee4aacc31f23a9677ae5e0d5ccde21fbd8,1620304476,candidate_layering
0x6c6bc977e13df9b0de53b251522280bb72383700,0xfa526baddd835a41506beb86a8c42fd893eb28a9,erc20,1000.0,USDC,0xa0b86991c6218b36c1d19d4a2e9eb0ce3606eb48,0xa71cbf71f8745976aae2a1408591086ade56125fc0ab18d09cb921bed12a74e4,1620304904,candidate_layering
0x6c6bc977e13df9b0de53b251522280bb72383700,0xe592427a0aece92de3edee1f18e0157c05861564,erc20,4931.100136293369,DAI,0x6b175474e89094c44da98b954eedeac495271d0f,0x9eab21e0b9572ba4039ce6bc01c1873fa7cf848ea23241d579c30fc6aa255409,1620305039,candidate_layering
0x6c6bc977e13df9b0de53b251522280bb72383700,0x51df53c3c3a963e03d6210914b20f36d4d7531a0,erc20,2300.450044,USDC,0xa0b86991c6218b36c1d19d4a2e9eb0ce3606eb48,0xe51d0c07a624cf57ae6738d5dbc51c703ef15c5725a3a496db4ae727c0b0b967,1620305111,candidate_layering
0x6c6bc977e13df9b0de53b251522280bb72383700,0x6d44260c920431bafa2229c8cff53ccc8a589781,erc20,2000.0,USDC,0xa0b86991c6218b36c1d19d4a2e9eb0ce3606eb48,0x597f9e2fe12043bf92a5cc87549d58b14b07ed87b907534d6b47373624b91ddf,1620305374,candidate_layering
0x6c6bc977e13df9b0de53b251522280bb72383700,0x8791d8762a7e0f80a9f4e574a4e5c7ddb9516891,erc20,17096.3126,USDC,0xa0b86991c6218b36c1d19d4a2e9eb0ce3606eb48,0x77ab2f6d4910304feee1efc60f9bf4e96f634fa80c18faf840e4ba1a67db0bd4,1620305511,candidate_layering
0x6c6bc977e13df9b0de53b251522280bb72383700,0x22f9dcf4647084d6c31b2765f6910cd85c178c18,erc20,100075.188422,USDC,0xa0b86991c6218b36c1d19d4a2e9eb0ce3606eb48,0x36045dd8affdca09f71736dd701ec5bb59be97b1b6ac6194fe507802a7391d68,1620305557,candidate_layering
0x6c6bc977e13df9b0de53b251522280bb72383700,0xe592427a0aece92de3edee1f18e0157c05861564,erc20,2030.0330443320986,DAI,0x6b175474e89094c44da98b954eedeac495271d0f,0x2008ede47897844144ed65d516df2e2266bf9254dc2a197e42df33477f83ee1b,1620305937,candidate_layering
0x6c6bc977e13df9b0de53b251522280bb72383700,0x9e7b0f95d369a5b7f75150a439e33d2a802098db,erc20,122.536236,USDC,0xa0b86991c6218b36c1d19d4a2e9eb0ce3606eb48,0xf3cedda9180d338deaebb84f60d9fb41f3a77b634b964d9e5d315fd8618313fc,1620306061,candidate_layering
0x6c6bc977e13df9b0de53b251522280bb72383700,0x01f6a06ec1f5341f7d322a27a3dac7004c698963,erc20,1218.9187677543,DAI,0x6b175474e89094c44da98b954eedeac495271d0f,0x0a57a5e9b74bf48e96018f766b38194c2f0de8c8f16f26f77858a2f8ce714e47,1620306061,candidate_layering
0x6c6bc977e13df9b0de53b251522280bb72383700,0xc93678ec2b974a7ae280341cefeb85984a29fff7,erc20,3485.584136,USDC,0xa0b86991c6218b36c1d19d4a2e9eb0ce3606eb48,0x14fa59f8881c2a93383d4b22b0c88a6dc02bfcf071865d909737e98954b7c55e,1620306605,candidate_layering
0x6c6bc977e13df9b0de53b251522280bb72383700,0x0578fe63a40dd249b853487dae3c9eb01957628e,erc20,28001.807751,USDC,0xa0b86991c6218b36c1d19d4a2e9eb0ce3606eb48,0x419c828925b9876ddef4224a5b15bb2d6ec78c6067716211332611c21f7bda2f,1620306729,candidate_layering
0x6c6bc977e13df9b0de53b251522280bb72383700,0x00f2fd2150906fb8f7746fe637c84e75343a75ac,erc20,2500.625212,USDC,0xa0b86991c6218b36c1d19d4a2e9eb0ce3606eb48,0x4b65b1190d5dc23e497df4c8de5823b3752dd7f56254d035856f154d1f2c3b19,1620307229,candidate_layering
0x6c6bc977e13df9b0de53b251522280bb72383700,0xe592427a0aece92de3edee1f18e0157c05861564,erc20,6614.893224502989,DAI,0x6b175474e89094c44da98b954eedeac495271d0f,0x146930b7ec2954f1717649ab976aadcad5356f97a51b25374957c8b09d3a6264,1620307306,candidate_layering
0x6c6bc977e13df9b0de53b251522280bb72383700,0xe4f4a06dddcbedcb442f51d42953c50b68ce0247,erc20,11000.0,USDC,0xa0b86991c6218b36c1d19d4a2e9eb0ce3606eb48,0xb908000a633369d325372bd30b735796fc9ceece3d1c0d8a81f83b7499eac03a,1620307468,candidate_layering
0x6c6bc977e13df9b0de53b251522280bb72383700,0xe43310945c839c048bf919c5dd058b4d9229228d,erc20,74622.944762,USDC,0xa0b86991c6218b36c1d19d4a2e9eb0ce3606eb48,0x6cd183e3b370c281593a47879375367d2f2a58fdd91bae96b838930991c34748,1620307584,candidate_layering
0x6c6bc977e13df9b0de53b251522280bb72383700,0x99368799930b2343826b0b8c269f27ac96c0936a,erc20,14987.016414,USDC,0xa0b86991c6218b36c1d19d4a2e9eb0ce3606eb48,0x3a8862eb9d548d89570f325eb75084178255c8afb845c4260044e2695992c15f,1620307689,candidate_layering
0x6c6bc977e13df9b0de53b251522280bb72383700,0x5cd50fdebac54b7fc650e87dad745af96561a5dd,erc20,1070.0,USDC,0xa0b86991c6218b36c1d19d4a2e9eb0ce3606eb48,0xaec538c86174d5c841d0b9406dcfd1e85df89d991759fca2245f7b1c8d9921a6,1620307749,candidate_layering
0x6c6bc977e13df9b0de53b251522280bb72383700,0xe592427a0aece92de3edee1f18e0157c05861564,erc20,9001.490681,USDC,0xa0b86991c6218b36c1d19d4a2e9eb0ce3606eb48,0xe163230edd2af67bf3fd300ae5ba98d0bc92fc2d192a780a78fce95c97417171,1620307834,candidate_layering
0x6c6bc977e13df9b0de53b251522280bb72383700,0xd96c43e4d06fefb4641f89c0742893814b7f4560,erc20,27766.716766,USDC,0xa0b86991c6218b36c1d19d4a2e9eb0ce3606eb48,0x1f8e411bb5aec6465f47414f1a36b77de690f52ea1187bbdcef4f0eeb2b50460,1620307974,candidate_layering
0x6c6bc977e13df9b0de53b251522280bb72383700,0xe592427a0aece92de3edee1f18e0157c05861564,erc20,499.4193211045222,DAI,0x6b175474e89094c44da98b954eedeac495271d0f,0x7945dfe7ec79134e4ab90ef3fedac98eccd37344d476d45a414930645e0d4974,1620307992,candidate_layering
0x6c6bc977e13df9b0de53b251522280bb72383700,0xe592427a0aece92de3edee1f18e0157c05861564,erc20,599.303145864798,DAI,0x6b175474e89094c44da98b954eedeac495271d0f,0x1390b829e02562f6272aeded9d45a3d5324fd3ff7dccd1b492e24a14a9e58785,1620307992,candidate_layering
0x6c6bc977e13df9b0de53b251522280bb72383700,0xe592427a0aece92de3edee1f18e0157c05861564,erc20,1997.6768419807968,DAI,0x6b175474e89094c44da98b954eedeac495271d0f,0x919c8daa78272aafa5268505c484d62eb3d0cf8e68331cb792ac99df939bbfd3,1620308216,candidate_layering
