source,target,transaction_type,amount,hash,timeStamp,label,tokenSymbol,contractAddress,source_layer,source_clean,target_clean,is_service_provider,service_matched_side,service_provider_name,service_provider_category,service_provider_source,service_provider_note
0xeb31973e0febf3e3d7058234a5ebbae1ab4b8c23,0xc6f928cf9431b82c8c9a10fe954df44e66cbed1c,normal_eth,5.0,0xd24ba0e4f9ee4cc3379c975e76405832872874aa7c197e3693abece862aa13d3,1601078689,candidate_layering,,,0,0xeb31973e0febf3e3d7058234a5ebbae1ab4b8c23,0xc6f928cf9431b82c8c9a10fe954df44e66cbed1c,False,none,,,,
0xeb31973e0febf3e3d7058234a5ebbae1ab4b8c23,0x1c3f856719a91735ccb78506bd504b17907ac814,normal_eth,8.0,0x49b0d0a2ddc659c60ddaa364a4aba46ceae60bb696f12a730633a8d0ba4f5def,1601189232,candidate_layering,,,0,0xeb31973e0febf3e3d7058234a5ebbae1ab4b8c23,0x1c3f856719a91735ccb78506bd504b17907ac814,False,none,,,,
0xeb31973e0febf3e3d7058234a5ebbae1ab4b8c23,0x34a17418cec67b82d08cf77a987941f99dc87c6b,normal_eth,20.0,0xbe320cc6fd2a7c15878b62ccea209c647c41e0da0ebb748544f474263784e283,1603438622,candidate_layering,,,0,0xeb31973e0febf3e3d7058234a5ebbae1ab4b8c23,0x34a17418cec67b82d08cf77a987941f99dc87c6b,False,none,,,,
0xeb31973e0febf3e3d7058234a5ebbae1ab4b8c23,0x34a17418cec67b82d08cf77a987941f99dc87c6b,normal_eth,11500.000000000002,0x68b43c9e2748edd477fdf145435548feef6f87641dabb13f8705985b6c27680d,1603438823,candidate_layering,,,0,0xeb31973e0febf3e3d7058234a5ebbae1ab4b8c23,0x34a17418cec67b82d08cf77a987941f99dc87c6b,False,none,,,,
0xeb31973e0febf3e3d7058234a5ebbae1ab4b8c23,0x6e875aa2458eecf978dc826c72804eeed4aeb456,normal_eth,1.0,0xa6475b345b47376d8ed6ee46dd808a76a8a62f642ac0cc11b297f4e68f38fcf7,1607588598,candidate_layering,,,0,0xeb31973e0febf3e3d7058234a5ebbae1ab4b8c23,0x6e875aa2458eecf978dc826c72804eeed4aeb456,False,none,,,,
0xeb31973e0febf3e3d7058234a5ebbae1ab4b8c23,0x58b891a5f94e65f225549acef13a9dc3a33b1942,normal_eth,2.0,0x752f2cf3a59f96e5376efdefbd878d7914007dc8325c8a10163202f91830e2cc,1629098096,candidate_layering,,,0,0xeb31973e0febf3e3d7058234a5ebbae1ab4b8c23,0x58b891a5f94e65f225549acef13a9dc3a33b1942,False,none,,,,
0xeb31973e0febf3e3d7058234a5ebbae1ab4b8c23,0xc6f928cf9431b82c8c9a10fe954df44e66cbed1c,erc20,1.0,0xed4fbf571edbd1e51066148b29220e14163c69e20be72a1b26cd8bd51685b784,1601077652,candidate_layering,USDT,0xdac17f958d2ee523a2206206994597c13d831ec7,0,0xeb31973e0febf3e3d7058234a5ebbae1ab4b8c23,0xc6f928cf9431b82c8c9a10fe954df44e66cbed1c,False,none,,,,
0xeb31973e0febf3e3d7058234a5ebbae1ab4b8c23,0xc6f928cf9431b82c8c9a10fe954df44e66cbed1c,erc20,50000.0,0xc6eb6440d4f2c8b649ee7e647e90ea3a354e0bb300540c95d2464553f6b6cff8,1601078177,candidate_layering,USDT,0xdac17f958d2ee523a2206206994597c13d831ec7,0,0xeb31973e0febf3e3d7058234a5ebbae1ab4b8c23,0xc6f928cf9431b82c8c9a10fe954df44e66cbed1c,False,none,,,,
0xeb31973e0febf3e3d7058234a5ebbae1ab4b8c23,0x9dc2f9c2d944578420cdc8237cf3264d403355f7,erc20,10000.0,0x5e2986db18d8319e0d5b9cb784d8821956ff695e777041c0b19e7105fb026627,1601182629,candidate_layering,KAI,0xbd6467a31899590474ce1e84f70594c53d628e46,0,0xeb31973e0febf3e3d7058234a5ebbae1ab4b8c23,0x9dc2f9c2d944578420cdc8237cf3264d403355f7,False,none,,,,
0xeb31973e0febf3e3d7058234a5ebbae1ab4b8c23,0xc6f928cf9431b82c8c9a10fe954df44e66cbed1c,erc20,10000.0,0x8b287ca8a197d75073aa2ea4e5a6c2dfe4e8218a39f77b199b70161eeca0311f,1601183547,candidate_layering,ORN,0x8fb00fdebb4e83f2c58b3bcd6732ac1b6a7b7221,0,0xeb31973e0febf3e3d7058234a5ebbae1ab4b8c23,0xc6f928cf9431b82c8c9a10fe954df44e66cbed1c,False,none,,,,
0xeb31973e0febf3e3d7058234a5ebbae1ab4b8c23,0x9dc2f9c2d944578420cdc8237cf3264d403355f7,erc20,10000.0,0xfd68f5c4ea61b0fb9e6e43c7d0900591cb3e3313b8ac13e59def1deaf29f9c37,1601189695,candidate_layering,OCEAN,0x7afebbb46fdb47ed17b22ed075cde2447694fb9e,0,0xeb31973e0febf3e3d7058234a5ebbae1ab4b8c23,0x9dc2f9c2d944578420cdc8237cf3264d403355f7,False,none,,,,
0xeb31973e0febf3e3d7058234a5ebbae1ab4b8c23,0x1c3f856719a91735ccb78506bd504b17907ac814,erc20,10000.0,0xc5aa8d0ce6c7ff426de2b5c8a3c300b0a846b90292ea229bb529b1330d6c8273,1601190398,candidate_layering,OCEAN,0x7afebbb46fdb47ed17b22ed075cde2447694fb9e,0,0xeb31973e0febf3e3d7058234a5ebbae1ab4b8c23,0x1c3f856719a91735ccb78506bd504b17907ac814,False,none,,,,
0xeb31973e0febf3e3d7058234a5ebbae1ab4b8c23,0x1c3f856719a91735ccb78506bd504b17907ac814,erc20,2000000.0,0xf091c5ec966403544af3b27a36a93afa43ba7bf951d6202721a11bf10c08fabe,1601191070,candidate_layering,OCEAN,0x7afebbb46fdb47ed17b22ed075cde2447694fb9e,0,0xeb31973e0febf3e3d7058234a5ebbae1ab4b8c23,0x1c3f856719a91735ccb78506bd504b17907ac814,False,none,,,,
0xeb31973e0febf3e3d7058234a5ebbae1ab4b8c23,0x1c3f856719a91735ccb78506bd504b17907ac814,erc20,10000.0,0x6af6b08ada0f3fc5334bb67ec347e7a020c95859ad9970dde1da22818b88693a,1601211145,candidate_layering,SNX,0xc011a73ee8576fb46f5e1c5751ca3b9fe0af2a6f,0,0xeb31973e0febf3e3d7058234a5ebbae1ab4b8c23,0x1c3f856719a91735ccb78506bd504b17907ac814,False,none,,,,
0xeb31973e0febf3e3d7058234a5ebbae1ab4b8c23,0x1c3f856719a91735ccb78506bd504b17907ac814,erc20,100000.0,0xb07ece7d9c9dddf8f5955d19f005c2ed83af9f23d990df8641a36a2e57c798be,1601211937,candidate_layering,SNX,0xc011a73ee8576fb46f5e1c5751ca3b9fe0af2a6f,0,0xeb31973e0febf3e3d7058234a5ebbae1ab4b8c23,0x1c3f856719a91735ccb78506bd504b17907ac814,False,none,,,,
0xeb31973e0febf3e3d7058234a5ebbae1ab4b8c23,0x1c3f856719a91735ccb78506bd504b17907ac814,erc20,200000.0,0xb2fdd14961be6d71a96c6c830f47b2e9c125d60f61a00817f53a95563b509921,1601214315,candidate_layering,SNX,0xc011a73ee8576fb46f5e1c5751ca3b9fe0af2a6f,0,0xeb31973e0febf3e3d7058234a5ebbae1ab4b8c23,0x1c3f856719a91735ccb78506bd504b17907ac814,False,none,,,,
0xeb31973e0febf3e3d7058234a5ebbae1ab4b8c23,0x1c3f856719a91735ccb78506bd504b17907ac814,erc20,268395.4463,0x21c69780f9fe3eed5a7785ee070647cf319de9b01ee65def4e4431b32cb9f138,1601274548,candidate_layering,SNX,0xc011a73ee8576fb46f5e1c5751ca3b9fe0af2a6f,0,0xeb31973e0febf3e3d7058234a5ebbae1ab4b8c23,0x1c3f856719a91735ccb78506bd504b17907ac814,False,none,,,,
0xeb31973e0febf3e3d7058234a5ebbae1ab4b8c23,0x261985b27a12272ad96b21885fe89a1538cbe91c,erc20,10.0,0xf32ccb233d6f52a9b39bf74834089588884df3f1883057bb39465b1b5b82d255,1601275024,candidate_layering,COMP,0xc00e94cb662c3520282e6f5717214004a7f26888,0,0xeb31973e0febf3e3d7058234a5ebbae1ab4b8c23,0x261985b27a12272ad96b21885fe89a1538cbe91c,False,none,,,,
0xeb31973e0febf3e3d7058234a5ebbae1ab4b8c23,0xc194560a8210749b65ca5457baa5e831cb97bdda,erc20,1000.0,0xd3c1a1ef1cf395a3fcedfad39a2e8cb8463dfd6cccdb76c2b2880fe311b5c24c,1601276062,candidate_layering,COMP,0xc00e94cb662c3520282e6f5717214004a7f26888,0,0xeb31973e0febf3e3d7058234a5ebbae1ab4b8c23,0xc194560a8210749b65ca5457baa5e831cb97bdda,False,none,,,,
0xeb31973e0febf3e3d7058234a5ebbae1ab4b8c23,0xc194560a8210749b65ca5457baa5e831cb97bdda,erc20,2000.0,0xfbd01ab2ad75281e770a567af51d850de6fd8802cdb6b13a979cc30457737621,1601277064,candidate_layering,COMP,0xc00e94cb662c3520282e6f5717214004a7f26888,0,0xeb31973e0febf3e3d7058234a5ebbae1ab4b8c23,0xc194560a8210749b65ca5457baa5e831cb97bdda,False,none,,,,
0xeb31973e0febf3e3d7058234a5ebbae1ab4b8c23,0xc194560a8210749b65ca5457baa5e831cb97bdda,erc20,2000.0,0xd86f3fd20b6582d1acc481a392b12475e5bb8c3375a48281b48453ed1a83fae5,1601277563,candidate_layering,COMP,0xc00e94cb662c3520282e6f5717214004a7f26888,0,0xeb31973e0febf3e3d7058234a5ebbae1ab4b8c23,0xc194560a8210749b65ca5457baa5e831cb97bdda,False,none,,,,
0xeb31973e0febf3e3d7058234a5ebbae1ab4b8c23,0xc194560a8210749b65ca5457baa5e831cb97bdda,erc20,4987.542619,0xa062c85825f9fa8dd443c1620a6948dc266989666c047e8cbbeaf9e0779f1892,1601278697,candidate_layering,COMP,0xc00e94cb662c3520282e6f5717214004a7f26888,0,0xeb31973e0febf3e3d7058234a5ebbae1ab4b8c23,0xc194560a8210749b65ca5457baa5e831cb97bdda,False,none,,,,
0xeb31973e0febf3e3d7058234a5ebbae1ab4b8c23,0xc194560a8210749b65ca5457baa5e831cb97bdda,erc20,100.0,0xe639ddc591172b1250fbc7e89cd78c637743579be4a865f926bb5fc12036c620,1601281637,candidate_layering,LINK,0x514910771af9ca656af840dff83e8264ecf986ca,0,0xeb31973e0febf3e3d7058234a5ebbae1ab4b8c23,0xc194560a8210749b65ca5457baa5e831cb97bdda,False,none,,,,
0xeb31973e0febf3e3d7058234a5ebbae1ab4b8c23,0xc194560a8210749b65ca5457baa5e831cb97bdda,erc20,10000.0,0x9ce8d8dc0fdf848085f56f1995a00806efad2f3aa2cdc964287888561c2c9cf7,1601282280,candidate_layering,LINK,0x514910771af9ca656af840dff83e8264ecf986ca,0,0xeb31973e0febf3e3d7058234a5ebbae1ab4b8c23,0xc194560a8210749b65ca5457baa5e831cb97bdda,False,none,,,,
0xeb31973e0febf3e3d7058234a5ebbae1ab4b8c23,0xc194560a8210749b65ca5457baa5e831cb97bdda,erc20,49999.99999999999,0xe4c9b51d1b5b18834bddfadb5130c47cd56be0fe611cf7aad0faa275d9c95d9a,1601283069,candidate_layering,LINK,0x514910771af9ca656af840dff83e8264ecf986ca,0,0xeb31973e0febf3e3d7058234a5ebbae1ab4b8c23,0xc194560a8210749b65ca5457baa5e831cb97bdda,False,none,,,,
0xeb31973e0febf3e3d7058234a5ebbae1ab4b8c23,0xc194560a8210749b65ca5457baa5e831cb97bdda,erc20,142552.957,0xe6f869ce84baab369e7144f2817151b1606c42412df6cd5ac63fe522b10e23f5,1601284839,candidate_layering,LINK,0x514910771af9ca656af840dff83e8264ecf986ca,0,0xeb31973e0febf3e3d7058234a5ebbae1ab4b8c23,0xc194560a8210749b65ca5457baa5e831cb97bdda,False,none,,,,
0xeb31973e0febf3e3d7058234a5ebbae1ab4b8c23,0xf12b1c1ce2f024d3ef3b164d7e3de7f360dcb724,erc20,10000.0,0xf528fcacfa62a4ab4b35af74e56c4d8e6b00711d66e50dc8faf59ea01c4fb44e,1601288757,candidate_layering,DIA,0x84ca8bc7997272c7cfb4d0cd3d55cd942b3c9419,0,0xeb31973e0febf3e3d7058234a5ebbae1ab4b8c23,0xf12b1c1ce2f024d3ef3b164d7e3de7f360dcb724,False,none,,,,
0xeb31973e0febf3e3d7058234a5ebbae1ab4b8c23,0xf12b1c1ce2f024d3ef3b164d7e3de7f360dcb724,erc20,200000.0,0xfacf4d484cd5a7a04fc4a143884a20de599a530c4796de4d062f7dcad76cc61d,1601289521,candidate_layering,DIA,0x84ca8bc7997272c7cfb4d0cd3d55cd942b3c9419,0,0xeb31973e0febf3e3d7058234a5ebbae1ab4b8c23,0xf12b1c1ce2f024d3ef3b164d7e3de7f360dcb724,False,none,,,,
0xeb31973e0febf3e3d7058234a5ebbae1ab4b8c23,0xf12b1c1ce2f024d3ef3b164d7e3de7f360dcb724,erc20,400000.0,0x53e489229a329d5bce638a3b3eaa9afe4a86c19effd4350aa1a5602519360adc,1601290859,candidate_layering,DIA,0x84ca8bc7997272c7cfb4d0cd3d55cd942b3c9419,0,0xeb31973e0febf3e3d7058234a5ebbae1ab4b8c23,0xf12b1c1ce2f024d3ef3b164d7e3de7f360dcb724,False,none,,,,
0xeb31973e0febf3e3d7058234a5ebbae1ab4b8c23,0x3d4ac58430a00cf1c9e568ad0a3d364669c858dc,erc20,1000.0,0x3bf2710791243dc6d3b7064008680e211b2a34b2ea0a1dca071a276912379adb,1601359933,candidate_layering,OMG,0xd26114cd6ee289accf82350c8d8487fedb8a0c07,0,0xeb31973e0febf3e3d7058234a5ebbae1ab4b8c23,0x3d4ac58430a00cf1c9e568ad0a3d364669c858dc,False,none,,,,
0xeb31973e0febf3e3d7058234a5ebbae1ab4b8c23,0x6268335ebc05d551ed941b9fece53ae2427075bd,erc20,10.0,0x613e78bd2b3b8d656e91080a22cd8711ab92a5c459105f025e69cb623eae9262,1601360119,candidate_layering,MKR,0x9f8f72aa9304c8b593d555f12ef6589cc3a579a2,0,0xeb31973e0febf3e3d7058234a5ebbae1ab4b8c23,0x6268335ebc05d551ed941b9fece53ae2427075bd,False,none,,,,
0xeb31973e0febf3e3d7058234a5ebbae1ab4b8c23,0x3d4ac58430a00cf1c9e568ad0a3d364669c858dc,erc20,100000.0,0x41ec9ce960d2a8d8eedeae47451d8a792d78f652dced2b69be29e88acacc8495,1601360503,candidate_layering,OMG,0xd26114cd6ee289accf82350c8d8487fedb8a0c07,0,0xeb31973e0febf3e3d7058234a5ebbae1ab4b8c23,0x3d4ac58430a00cf1c9e568ad0a3d364669c858dc,False,none,,,,
0xeb31973e0febf3e3d7058234a5ebbae1ab4b8c23,0x6268335ebc05d551ed941b9fece53ae2427075bd,erc20,500.0,0x52f72e06194966c40b7129806586f03916a2ff4ca1f102f700fd2025803f3eb4,1601360771,candidate_layering,MKR,0x9f8f72aa9304c8b593d555f12ef6589cc3a579a2,0,0xeb31973e0febf3e3d7058234a5ebbae1ab4b8c23,0x6268335ebc05d551ed941b9fece53ae2427075bd,False,none,,,,
0xeb31973e0febf3e3d7058234a5ebbae1ab4b8c23,0x6268335ebc05d551ed941b9fece53ae2427075bd,erc20,967.437,0x32fa3c1a26e6146cb9e200c724552e84ba6b63ce4cbf2dfe101469df202854cb,1601361930,candidate_layering,MKR,0x9f8f72aa9304c8b593d555f12ef6589cc3a579a2,0,0xeb31973e0febf3e3d7058234a5ebbae1ab4b8c23,0x6268335ebc05d551ed941b9fece53ae2427075bd,False,none,,,,
0xeb31973e0febf3e3d7058234a5ebbae1ab4b8c23,0xf12b1c1ce2f024d3ef3b164d7e3de7f360dcb724,erc20,1000.0,0xb8822a03f53d71b787131ff19900dcb5a9f25a9f6df58a36a6fbb821fed6e286,1601362770,candidate_layering,DIA,0x84ca8bc7997272c7cfb4d0cd3d55cd942b3c9419,0,0xeb31973e0febf3e3d7058234a5ebbae1ab4b8c23,0xf12b1c1ce2f024d3ef3b164d7e3de7f360dcb724,False,none,,,,
0xeb31973e0febf3e3d7058234a5ebbae1ab4b8c23,0xf12b1c1ce2f024d3ef3b164d7e3de7f360dcb724,erc20,10000.0,0xcc6087caf80dd8049d12cb4c17bc0d90e785a5e3094ee8065f3afb66c29849b1,1601363294,candidate_layering,DIA,0x84ca8bc7997272c7cfb4d0cd3d55cd942b3c9419,0,0xeb31973e0febf3e3d7058234a5ebbae1ab4b8c23,0xf12b1c1ce2f024d3ef3b164d7e3de7f360dcb724,False,none,,,,
0xeb31973e0febf3e3d7058234a5ebbae1ab4b8c23,0xb351e853a9dd23974c461c767326336469ca9ca2,erc20,1000.0,0xee6147dc81c31f24164d235ec7703a92df91da18ec480d315cb65f71a9e29e40,1601364361,candidate_layering,KNC,0xdd974d5c2e2928dea5f71b9825b8b646686bd200,0,0xeb31973e0febf3e3d7058234a5ebbae1ab4b8c23,0xb351e853a9dd23974c461c767326336469ca9ca2,False,none,,,,
0xeb31973e0febf3e3d7058234a5ebbae1ab4b8c23,0xf12b1c1ce2f024d3ef3b164d7e3de7f360dcb724,erc20,100000.0,0x36bfc0a83522d2861a20748471cc7567040ef5070c1c49097710e4f2099b26fb,1601364723,candidate_layering,DIA,0x84ca8bc7997272c7cfb4d0cd3d55cd942b3c9419,0,0xeb31973e0febf3e3d7058234a5ebbae1ab4b8c23,0xf12b1c1ce2f024d3ef3b164d7e3de7f360dcb724,False,none,,,,
0xeb31973e0febf3e3d7058234a5ebbae1ab4b8c23,0xb351e853a9dd23974c461c767326336469ca9ca2,erc20,300000.0,0x0e7ee12ca13d088ca7fab87e24b1f537e3374eb8f2b8e79ee7a04774be96d03c,1601364949,candidate_layering,KNC,0xdd974d5c2e2928dea5f71b9825b8b646686bd200,0,0xeb31973e0febf3e3d7058234a5ebbae1ab4b8c23,0xb351e853a9dd23974c461c767326336469ca9ca2,False,none,,,,
0xeb31973e0febf3e3d7058234a5ebbae1ab4b8c23,0x3d4ac58430a00cf1c9e568ad0a3d364669c858dc,erc20,192333.584,0x8cdc4143b85f52ababe42a4f1403cac48ff229ba215913dfeec9cee46f01e8e9,1601366112,candidate_layering,OMG,0xd26114cd6ee289accf82350c8d8487fedb8a0c07,0,0xeb31973e0febf3e3d7058234a5ebbae1ab4b8c23,0x3d4ac58430a00cf1c9e568ad0a3d364669c858dc,False,none,,,,
0xeb31973e0febf3e3d7058234a5ebbae1ab4b8c23,0xf12b1c1ce2f024d3ef3b164d7e3de7f360dcb724,erc20,1000000.0,0x6e10885109c199c09ca3c41233880c370e22f79085096c12b9052e4df5fdaeab,1601366797,candidate_layering,DIA,0x84ca8bc7997272c7cfb4d0cd3d55cd942b3c9419,0,0xeb31973e0febf3e3d7058234a5ebbae1ab4b8c23,0xf12b1c1ce2f024d3ef3b164d7e3de7f360dcb724,False,none,,,,
0xeb31973e0febf3e3d7058234a5ebbae1ab4b8c23,0xb351e853a9dd23974c461c767326336469ca9ca2,erc20,687538.1170000001,0xb721ed8fe21cf162c544ed47e841562be83577c1c2b771af6a204a2306e40ea6,1601370431,candidate_layering,KNC,0xdd974d5c2e2928dea5f71b9825b8b646686bd200,0,0xeb31973e0febf3e3d7058234a5ebbae1ab4b8c23,0xb351e853a9dd23974c461c767326336469ca9ca2,False,none,,,,
0xeb31973e0febf3e3d7058234a5ebbae1ab4b8c23,0xb9759a9e5ee93d2d5a3f20eca4b0c75d1a2e170d,erc20,1000.0,0xafa0b2974a0c05e4f937058da8fd679a9a4277f054b654e61c4069bb3c4cc9a4,1601374557,candidate_layering,ENJ,0xf629cbd94d3791c9250152bd8dfbdf380e2a3b9c,0,0xeb31973e0febf3e3d7058234a5ebbae1ab4b8c23,0xb9759a9e5ee93d2d5a3f20eca4b0c75d1a2e170d,False,none,,,,
0xeb31973e0febf3e3d7058234a5ebbae1ab4b8c23,0xb9759a9e5ee93d2d5a3f20eca4b0c75d1a2e170d,erc20,8690802.423,0xd16ffb1e67b68e5e2862554145a15dc043074ab1b942dd2343426f66793ae8e9,1601375098,candidate_layering,ENJ,0xf629cbd94d3791c9250152bd8dfbdf380e2a3b9c,0,0xeb31973e0febf3e3d7058234a5ebbae1ab4b8c23,0xb9759a9e5ee93d2d5a3f20eca4b0c75d1a2e170d,False,none,,,,
0xeb31973e0febf3e3d7058234a5ebbae1ab4b8c23,0x7e4a0cca30b4b7317a39decb33b331ff1c557e02,erc20,1000.0,0xeec2b1002d81214be5a7ded41211a28208c63766fa66a7bc2051f85d4296656a,1601375358,candidate_layering,LEND,0x80fb784b7ed66730e8b1dbd9820afd29931aab03,0,0xeb31973e0febf3e3d7058234a5ebbae1ab4b8c23,0x7e4a0cca30b4b7317a39decb33b331ff1c557e02,False,none,,,,
0xeb31973e0febf3e3d7058234a5ebbae1ab4b8c23,0x7e4a0cca30b4b7317a39decb33b331ff1c557e02,erc20,1231904.419,0xdfe62a901ab5e8fb8dc19541529ceed0061d1059a4479bc32e555910077edd23,1601376180,candidate_layering,LEND,0x80fb784b7ed66730e8b1dbd9820afd29931aab03,0,0xeb31973e0febf3e3d7058234a5ebbae1ab4b8c23,0x7e4a0cca30b4b7317a39decb33b331ff1c557e02,False,none,,,,
0xeb31973e0febf3e3d7058234a5ebbae1ab4b8c23,0x6ec9d77ed3902e5b32304ece0c7f7d6a2542f8cb,erc20,4.435776,0x2ebf94a71ed9f1e1fa810b3b64128130a5047971956f66bc0ca827c817edfa70,1601384598,candidate_layering,YFI,0x0bc529c00c6401aef6d220be8c6ea1667f6ad93e,0,0xeb31973e0febf3e3d7058234a5ebbae1ab4b8c23,0x6ec9d77ed3902e5b32304ece0c7f7d6a2542f8cb,False,none,,,,
0xeb31973e0febf3e3d7058234a5ebbae1ab4b8c23,0xf12b1c1ce2f024d3ef3b164d7e3de7f360dcb724,erc20,1310865.975,0x763545d1db5384225f8679f0b0d765a55bcdea739833a066412808a295adc4de,1601446469,candidate_layering,DIA,0x84ca8bc7997272c7cfb4d0cd3d55cd942b3c9419,0,0xeb31973e0febf3e3d7058234a5ebbae1ab4b8c23,0xf12b1c1ce2f024d3ef3b164d7e3de7f360dcb724,False,none,,,,
0xeb31973e0febf3e3d7058234a5ebbae1ab4b8c23,0x001b8562e7c310ce5e26fe261bf3fa459e67cd34,erc20,1000.0,0xc80b0e72bd0d2ce125ec7ea0f8484256a4a4229a3f1578300fcffc639911dda7,1601446677,candidate_layering,UTK,0x70a72833d6bf7f508c8224ce59ea1ef3d0ea3a38,0,0xeb31973e0febf3e3d7058234a5ebbae1ab4b8c23,0x001b8562e7c310ce5e26fe261bf3fa459e67cd34,False,none,,,,
0xeb31973e0febf3e3d7058234a5ebbae1ab4b8c23,0x2c0b10fcb0211daf4ce87cb0d708e8887e722cc2,erc20,4105295.0605,0x20bfed9228c0abcc7c72e3c9145df885bbc249be1927772ba45189f0198a612e,1601447499,candidate_layering,CVC,0x41e5560054824ea6b0732e656e3ad64e20e94e45,0,0xeb31973e0febf3e3d7058234a5ebbae1ab4b8c23,0x2c0b10fcb0211daf4ce87cb0d708e8887e722cc2,False,none,,,,
0xeb31973e0febf3e3d7058234a5ebbae1ab4b8c23,0x001b8562e7c310ce5e26fe261bf3fa459e67cd34,erc20,1000.0,0x8ac8941a86c7bcfe7039d3ee23179934d37ace4bef87d4407ab944535980b3a1,1601447604,candidate_layering,UTK,0x70a72833d6bf7f508c8224ce59ea1ef3d0ea3a38,0,0xeb31973e0febf3e3d7058234a5ebbae1ab4b8c23,0x001b8562e7c310ce5e26fe261bf3fa459e67cd34,False,none,,,,
0xeb31973e0febf3e3d7058234a5ebbae1ab4b8c23,0x001b8562e7c310ce5e26fe261bf3fa459e67cd34,erc20,10000000.0,0x4d8a18f250fa58da1c27652839b81d503b85f03a5440cd4751f774fe9708b142,1601447734,candidate_layering,UTK,0x70a72833d6bf7f508c8224ce59ea1ef3d0ea3a38,0,0xeb31973e0febf3e3d7058234a5ebbae1ab4b8c23,0x001b8562e7c310ce5e26fe261bf3fa459e67cd34,False,none,,,,
0xeb31973e0febf3e3d7058234a5ebbae1ab4b8c23,0x2c0b10fcb0211daf4ce87cb0d708e8887e722cc2,erc20,1002848.5697,0x7a1082e3988741b7c465f209d5826b1e14a154c61cc0ed4df1851eb0c6370dcb,1601447957,candidate_layering,ELF,0xbf2179859fc6d5bee9bf9158632dc51678a4100e,0,0xeb31973e0febf3e3d7058234a5ebbae1ab4b8c23,0x2c0b10fcb0211daf4ce87cb0d708e8887e722cc2,False,none,,,,
0xeb31973e0febf3e3d7058234a5ebbae1ab4b8c23,0x2c0b10fcb0211daf4ce87cb0d708e8887e722cc2,erc20,2848116.658,0x4300461f1ace5a80452e61bcfe4de7c69d814516c3751a5aea9cd285ae8370da,1601448078,candidate_layering,LOOM,0xa4e8c3ec456107ea67d3075bf9e3df3a75823db0,0,0xeb31973e0febf3e3d7058234a5ebbae1ab4b8c23,0x2c0b10fcb0211daf4ce87cb0d708e8887e722cc2,False,none,,,,
0xeb31973e0febf3e3d7058234a5ebbae1ab4b8c23,0x2c0b10fcb0211daf4ce87cb0d708e8887e722cc2,erc20,6160698.4671,0xb0cb3d502933a81ab58787260b13934baf8e06caffb86403b6efa833c500ff3b,1601448422,candidate_layering,FLIXX,0xf04a8ac553fcedb5ba99a64799155826c136b0be,0,0xeb31973e0febf3e3d7058234a5ebbae1ab4b8c23,0x2c0b10fcb0211daf4ce87cb0d708e8887e722cc2,False,none,,,,
0xeb31973e0febf3e3d7058234a5ebbae1ab4b8c23,0x2c0b10fcb0211daf4ce87cb0d708e8887e722cc2,erc20,239062762.317,0x378f152396526aa52d703c859c07fa8c51d11019534461dad0a7dd0069c6d19d,1601448788,candidate_layering,NPXS,0xa15c7ebe1f07caf6bff097d8a589fb8ac49ae5b3,0,0xeb31973e0febf3e3d7058234a5ebbae1ab4b8c23,0x2c0b10fcb0211daf4ce87cb0d708e8887e722cc2,False,none,,,,
0xeb31973e0febf3e3d7058234a5ebbae1ab4b8c23,0x5c8e4baf7f256cfd9455a51512926ba07e302b0a,erc20,10000.0,0x3053630a1dcd18de28202fa0c9a4f3dd6683ea47eb2b3956e0fc75abca2f6998,1601451175,candidate_layering,AGI,0x8eb24319393716668d768dcec29356ae9cffe285,0,0xeb31973e0febf3e3d7058234a5ebbae1ab4b8c23,0x5c8e4baf7f256cfd9455a51512926ba07e302b0a,False,none,,,,
0xeb31973e0febf3e3d7058234a5ebbae1ab4b8c23,0x5c8e4baf7f256cfd9455a51512926ba07e302b0a,erc20,10000000.0,0x20b535df1c5e8241933e9a5d40266c3fdb3878b28f921ea7a6974a91c157099b,1601452803,candidate_layering,AGI,0x8eb24319393716668d768dcec29356ae9cffe285,0,0xeb31973e0febf3e3d7058234a5ebbae1ab4b8c23,0x5c8e4baf7f256cfd9455a51512926ba07e302b0a,False,none,,,,
0xeb31973e0febf3e3d7058234a5ebbae1ab4b8c23,0xa53605cae63a95772582a084e5d22c230a62c0d4,erc20,300000.0,0x5cc71de27a6525018690a7dc5234cedba9870871ab7e9236fbb7a139225e8347,1601462142,candidate_layering,CHR,0x915044526758533dfb918eceb6e44bc21632060d,0,0xeb31973e0febf3e3d7058234a5ebbae1ab4b8c23,0xa53605cae63a95772582a084e5d22c230a62c0d4,False,none,,,,
0xeb31973e0febf3e3d7058234a5ebbae1ab4b8c23,0xa76088c1a9a4bbb2ab39a378fd4b9fb70c22b797,erc20,70000.0,0x4b13dfa4fba221553a08b788b4276a340fff1be814fae0fa6bc18a149d6db8fa,1601462362,candidate_layering,CRO,0xa0b73e1ff0b80914ab6fe0444e65848c4c34450b,0,0xeb31973e0febf3e3d7058234a5ebbae1ab4b8c23,0xa76088c1a9a4bbb2ab39a378fd4b9fb70c22b797,False,none,,,,
0xeb31973e0febf3e3d7058234a5ebbae1ab4b8c23,0xedfa620a7859f69504e58751714aee8ce2fb0c1a,erc20,150000.0,0x25340e5837ad6c347af37ebe5cbac6d21c659e805d9b065d5d524597b91fc08c,1601462804,candidate_layering,FET,0x1d287cc25dad7ccaf76a26bc660c5f7c8e2a05bd,0,0xeb31973e0febf3e3d7058234a5ebbae1ab4b8c23,0xedfa620a7859f69504e58751714aee8ce2fb0c1a,False,none,,,,
0xeb31973e0febf3e3d7058234a5ebbae1ab4b8c23,0xb0b7c4cbc067da8c267d14cf7df09823c052bf11,erc20,120000.0,0x7566dd514cb1ce6fd3f80b49025796e0bb27a01ec2a5877b7a0e85db274f7d90,1601462804,candidate_layering,MANA,0x0f5d2fb29fb7d3cfee444a200298f468908cc942,0,0xeb31973e0febf3e3d7058234a5ebbae1ab4b8c23,0xb0b7c4cbc067da8c267d14cf7df09823c052bf11,False,none,,,,
0xeb31973e0febf3e3d7058234a5ebbae1ab4b8c23,0xb0b7c4cbc067da8c267d14cf7df09823c052bf11,erc20,100000.0,0x3a40a8fef497704aee6cb4347c594ab54f4e4055f3fe746eb57ad4d0e08b1bb2,1601462804,candidate_layering,DGTX,0x1c83501478f1320977047008496dacbd60bb15ef,0,0xeb31973e0febf3e3d7058234a5ebbae1ab4b8c23,0xb0b7c4cbc067da8c267d14cf7df09823c052bf11,False,none,,,,
0xeb31973e0febf3e3d7058234a5ebbae1ab4b8c23,0xa76088c1a9a4bbb2ab39a378fd4b9fb70c22b797,erc20,700000.0,0x1138671db79de591cb2a9d390d2e725bca3828bde3a34673b574f01e4d73b936,1601479258,candidate_layering,CRO,0xa0b73e1ff0b80914ab6fe0444e65848c4c34450b,0,0xeb31973e0febf3e3d7058234a5ebbae1ab4b8c23,0xa76088c1a9a4bbb2ab39a378fd4b9fb70c22b797,False,none,,,,
0xeb31973e0febf3e3d7058234a5ebbae1ab4b8c23,0xedfa620a7859f69504e58751714aee8ce2fb0c1a,erc20,1500000.0,0x1502dec886e74f4a34cb2cd4cb1a9c5b587c3518f31244e74c408e4cc032fb84,1601479258,candidate_layering,FET,0x1d287cc25dad7ccaf76a26bc660c5f7c8e2a05bd,0,0xeb31973e0febf3e3d7058234a5ebbae1ab4b8c23,0xedfa620a7859f69504e58751714aee8ce2fb0c1a,False,none,,,,
0xeb31973e0febf3e3d7058234a5ebbae1ab4b8c23,0xb0b7c4cbc067da8c267d14cf7df09823c052bf11,erc20,1200000.0,0x1e83a86a31110359be739f9016ede72883f17ae06a9be33195fad03bfc48c42f,1601479301,candidate_layering,MANA,0x0f5d2fb29fb7d3cfee444a200298f468908cc942,0,0xeb31973e0febf3e3d7058234a5ebbae1ab4b8c23,0xb0b7c4cbc067da8c267d14cf7df09823c052bf11,False,none,,,,
0xeb31973e0febf3e3d7058234a5ebbae1ab4b8c23,0x5c8e4baf7f256cfd9455a51512926ba07e302b0a,erc20,20000000.0,0x0f9157adda58065e81b5fd9e3d90f4ef2583b7ef9174bbfec788fa5ce5a508d0,1601484132,candidate_layering,AGI,0x8eb24319393716668d768dcec29356ae9cffe285,0,0xeb31973e0febf3e3d7058234a5ebbae1ab4b8c23,0x5c8e4baf7f256cfd9455a51512926ba07e302b0a,False,none,,,,
0xeb31973e0febf3e3d7058234a5ebbae1ab4b8c23,0xedfa620a7859f69504e58751714aee8ce2fb0c1a,erc20,354217.71560000005,0x0aaebda08e8c8fe5860bdd30e13f0ef01255b572eb5199e6440a541c8acbf6ba,1601484372,candidate_layering,ZRX,0xe41d2489571d322189246dafa5ebde1f4699f498,0,0xeb31973e0febf3e3d7058234a5ebbae1ab4b8c23,0xedfa620a7859f69504e58751714aee8ce2fb0c1a,False,none,,,,
0xeb31973e0febf3e3d7058234a5ebbae1ab4b8c23,0xa76088c1a9a4bbb2ab39a378fd4b9fb70c22b797,erc20,700000.0,0x4d84e770732ddde0a562c6f845ddb74a83e6806895f1ad7aec1d71e8541fcb55,1601502379,candidate_layering,CRO,0xa0b73e1ff0b80914ab6fe0444e65848c4c34450b,0,0xeb31973e0febf3e3d7058234a5ebbae1ab4b8c23,0xa76088c1a9a4bbb2ab39a378fd4b9fb70c22b797,False,none,,,,
0xeb31973e0febf3e3d7058234a5ebbae1ab4b8c23,0xa76088c1a9a4bbb2ab39a378fd4b9fb70c22b797,erc20,3000000.0,0x0c27696d0c9c06d983a0d2e40a980e12d49f9770a905000c90857b1f5c78f5c1,1601508879,candidate_layering,CRO,0xa0b73e1ff0b80914ab6fe0444e65848c4c34450b,0,0xeb31973e0febf3e3d7058234a5ebbae1ab4b8c23,0xa76088c1a9a4bbb2ab39a378fd4b9fb70c22b797,False,none,,,,
0xeb31973e0febf3e3d7058234a5ebbae1ab4b8c23,0xa76088c1a9a4bbb2ab39a378fd4b9fb70c22b797,erc20,2658612.42,0xb098d2a8d469d3e0866860d3752533b19fa64fc40744f8b0949f19ab1a5df14d,1601519113,candidate_layering,CRO,0xa0b73e1ff0b80914ab6fe0444e65848c4c34450b,0,0xeb31973e0febf3e3d7058234a5ebbae1ab4b8c23,0xa76088c1a9a4bbb2ab39a378fd4b9fb70c22b797,False,none,,,,
0xeb31973e0febf3e3d7058234a5ebbae1ab4b8c23,0x07e8502e6977cdab2614265f17ca6f9562175372,erc20,100000.0,0x786a2fc64b11440b6eb2292a39de37467aa249065d0200369011240f1ad5368f,1601545174,candidate_layering,TRAC,0xaa7a9ca87d3694b5755f213b5d04094b8d0f0a6f,0,0xeb31973e0febf3e3d7058234a5ebbae1ab4b8c23,0x07e8502e6977cdab2614265f17ca6f9562175372,False,none,,,,
0xeb31973e0febf3e3d7058234a5ebbae1ab4b8c23,0x744df09cf9c6b1ee216eb874d1e645db6f06b161,erc20,7615201.8463,0x482d79b3c83d5580019fb97bd4b840910b685ea2cfdfbe89b49f3da9ca6019f4,1601545767,candidate_layering,SUKU,0x0763fdccf1ae541a5961815c0872a8c5bc6de4d7,0,0xeb31973e0febf3e3d7058234a5ebbae1ab4b8c23,0x744df09cf9c6b1ee216eb874d1e645db6f06b161,False,none,,,,
0xeb31973e0febf3e3d7058234a5ebbae1ab4b8c23,0xb0b7c4cbc067da8c267d14cf7df09823c052bf11,erc20,4799071.5067,0xbfa4c9fc40b888fcce3b870e98b61c1fa3477a29e57204f7e8abb9dad51788b3,1601546009,candidate_layering,MANA,0x0f5d2fb29fb7d3cfee444a200298f468908cc942,0,0xeb31973e0febf3e3d7058234a5ebbae1ab4b8c23,0xb0b7c4cbc067da8c267d14cf7df09823c052bf11,False,none,,,,
0xeb31973e0febf3e3d7058234a5ebbae1ab4b8c23,0xd59371195082b2a6fa9f2c1a280a15d02b72fc11,erc20,622688.45,0x04d47e39212fa4ee41a316af91dede09938c32d0096789b08c6725ff5bed3d63,1601546289,candidate_layering,LYXe,0xa8b919680258d369114910511cc87595aec0be6d,0,0xeb31973e0febf3e3d7058234a5ebbae1ab4b8c23,0xd59371195082b2a6fa9f2c1a280a15d02b72fc11,False,none,,,,
0xeb31973e0febf3e3d7058234a5ebbae1ab4b8c23,0xd59371195082b2a6fa9f2c1a280a15d02b72fc11,erc20,2822719.6954,0x728adfab597b27e7e36257b4bf6af5927c61f48f8a3d64d00119cc69e23512bb,1601546353,candidate_layering,DMG,0xed91879919b71bb6905f23af0a68d231ecf87b14,0,0xeb31973e0febf3e3d7058234a5ebbae1ab4b8c23,0xd59371195082b2a6fa9f2c1a280a15d02b72fc11,False,none,,,,
0xeb31973e0febf3e3d7058234a5ebbae1ab4b8c23,0x0000000000000000000000000000000000000000,erc20,81833537.008378,0x0658abda1cfdf51af4a57a919eb74e0fb7e0def8593fc810a642e261f7849b54,1601554812,candidate_layering,REV,0x2ef52ed7de8c5ce03a4ef0efbe9b7450f2d7edc9,0,0xeb31973e0febf3e3d7058234a5ebbae1ab4b8c23,0x0000000000000000000000000000000000000000,False,none,,,,
0xeb31973e0febf3e3d7058234a5ebbae1ab4b8c23,0xb0b7c4cbc067da8c267d14cf7df09823c052bf11,erc20,13587829.7794,0x451979c4c01ec9af1217a2b7cdf92d5987f53898ffb52d2f7650822d37363631,1601621243,candidate_layering,AGI,0x8eb24319393716668d768dcec29356ae9cffe285,0,0xeb31973e0febf3e3d7058234a5ebbae1ab4b8c23,0xb0b7c4cbc067da8c267d14cf7df09823c052bf11,False,none,,,,
0xeb31973e0febf3e3d7058234a5ebbae1ab4b8c23,0x57d7b1c4510012a09141571072a2fdaf75560513,erc20,500000.0,0xbab066080b3d54ba357ef1174a946a8edac72a41d9700434478ab58f1ff8c19f,1601621412,candidate_layering,ANKR,0x8290333cef9e6d528dd5618fb97a76f268f3edd4,0,0xeb31973e0febf3e3d7058234a5ebbae1ab4b8c23,0x57d7b1c4510012a09141571072a2fdaf75560513,False,none,,,,
0xeb31973e0febf3e3d7058234a5ebbae1ab4b8c23,0x3756b2f7626355bd8bb6b3dec8c279f2bacb21a8,erc20,23792211.615,0xf2bc83aa4bbf410a0fb9766a8f4e2eed7b4f8f52a4ed3ff0eed11003b724d4d9,1601621712,candidate_layering,FTM,0x4e15361fd6b4bb609fa63c81a2be19d873717870,0,0xeb31973e0febf3e3d7058234a5ebbae1ab4b8c23,0x3756b2f7626355bd8bb6b3dec8c279f2bacb21a8,False,none,,,,
0xeb31973e0febf3e3d7058234a5ebbae1ab4b8c23,0x07e8502e6977cdab2614265f17ca6f9562175372,erc20,10000000.0,0xf2e6152e4088c754cb2408a77d4b6aaf1f2bf1f2cb23436d54f053e60fa14256,1601623101,candidate_layering,TRAC,0xaa7a9ca87d3694b5755f213b5d04094b8d0f0a6f,0,0xeb31973e0febf3e3d7058234a5ebbae1ab4b8c23,0x07e8502e6977cdab2614265f17ca6f9562175372,False,none,,,,
0xeb31973e0febf3e3d7058234a5ebbae1ab4b8c23,0xdacccdeff4ab600fa281cab0cb6d53ce7692b189,erc20,381908.7377,0x86193020a8ef782733ffb58f20e4b4f808812d80f7efa049d8d892a40928864c,1601623212,candidate_layering,DAI,0x6b175474e89094c44da98b954eedeac495271d0f,0,0xeb31973e0febf3e3d7058234a5ebbae1ab4b8c23,0xdacccdeff4ab600fa281cab0cb6d53ce7692b189,False,none,,,,
0xeb31973e0febf3e3d7058234a5ebbae1ab4b8c23,0xa76088c1a9a4bbb2ab39a378fd4b9fb70c22b797,erc20,509159.4,0xe97f796f2726b0e239c276c4dbc6a9c50be5d3d25957d6d1707af5d25ac8e45f,1601640929,candidate_layering,ARPA,0xba50933c268f567bdc86e1ac131be072c6b0b71a,0,0xeb31973e0febf3e3d7058234a5ebbae1ab4b8c23,0xa76088c1a9a4bbb2ab39a378fd4b9fb70c22b797,False,none,,,,
0xeb31973e0febf3e3d7058234a5ebbae1ab4b8c23,0xa76088c1a9a4bbb2ab39a378fd4b9fb70c22b797,erc20,2913435.914,0x69bea84a21d5e7f59ffd4a6282ee8e8ae3cbd3d56f1107532a1f06c4690b3c12,1601649624,candidate_layering,POWR,0x595832f8fc6bf59c85c527fec3740a1b7a361269,0,0xeb31973e0febf3e3d7058234a5ebbae1ab4b8c23,0xa76088c1a9a4bbb2ab39a378fd4b9fb70c22b797,False,none,,,,
0xeb31973e0febf3e3d7058234a5ebbae1ab4b8c23,0xe662d4a8a98cb34eb519413dc76327ea406a9836,erc20,5000000.0,0xf383b86aec7eb053406886cd2eddbcea81ba027db5c6be93fe9fc8780d76c135,1601650999,candidate_layering,ANKR,0x8290333cef9e6d528dd5618fb97a76f268f3edd4,0,0xeb31973e0febf3e3d7058234a5ebbae1ab4b8c23,0xe662d4a8a98cb34eb519413dc76327ea406a9836,False,none,,,,
0xeb31973e0febf3e3d7058234a5ebbae1ab4b8c23,0xedfa620a7859f69504e58751714aee8ce2fb0c1a,erc20,14301803.937,0xe77ff5382532f0f2111a7b8ba2698d8ec47df1213fff0707829b397754045e99,1601655657,candidate_layering,FET,0x1d287cc25dad7ccaf76a26bc660c5f7c8e2a05bd,0,0xeb31973e0febf3e3d7058234a5ebbae1ab4b8c23,0xedfa620a7859f69504e58751714aee8ce2fb0c1a,False,none,,,,
0xeb31973e0febf3e3d7058234a5ebbae1ab4b8c23,0x8c91623454056728227d5c24dae8c171b46f2b95,erc20,6000000.0,0xdef479ede52d5182ae956b5f4f4686742ecefd4e2149024396d14b11879cecda,1601656930,candidate_layering,ANKR,0x8290333cef9e6d528dd5618fb97a76f268f3edd4,0,0xeb31973e0febf3e3d7058234a5ebbae1ab4b8c23,0x8c91623454056728227d5c24dae8c171b46f2b95,False,none,,,,
0xeb31973e0febf3e3d7058234a5ebbae1ab4b8c23,0x8191f8e188b3b33e6b43ae47d5816f1bf876c830,erc20,85254058.313,0x8732943bc12b98fab8d25587d380dd416b1c365b1fd4d50c1ba6dabf1c046db6,1601661805,candidate_layering,ANKR,0x8290333cef9e6d528dd5618fb97a76f268f3edd4,0,0xeb31973e0febf3e3d7058234a5ebbae1ab4b8c23,0x8191f8e188b3b33e6b43ae47d5816f1bf876c830,False,none,,,,
0xeb31973e0febf3e3d7058234a5ebbae1ab4b8c23,0x1ef48c55034808fe6a11b0f3a850f0f844a865bb,erc20,1000.0,0xa7db8cfd96b13aab6874e84cd7c81e2ec67040f15a2dacb9abde3d14b9c7645b,1601708288,candidate_layering,ALEPH,0xc0134b5b924c2fca106efb33c45446c466fbe03e,0,0xeb31973e0febf3e3d7058234a5ebbae1ab4b8c23,0x1ef48c55034808fe6a11b0f3a850f0f844a865bb,False,none,,,,
0xeb31973e0febf3e3d7058234a5ebbae1ab4b8c23,0x57d7b1c4510012a09141571072a2fdaf75560513,erc20,10000.0,0x729623190cf2a4194b35f70d37d68a302d16467c628aec5480e560f40182d633,1601719375,candidate_layering,CHR,0x915044526758533dfb918eceb6e44bc21632060d,0,0xeb31973e0febf3e3d7058234a5ebbae1ab4b8c23,0x57d7b1c4510012a09141571072a2fdaf75560513,False,none,,,,
0xeb31973e0febf3e3d7058234a5ebbae1ab4b8c23,0x57d7b1c4510012a09141571072a2fdaf75560513,erc20,38582617.266,0x0ff9380553698d2c44025819afcc90bfe4a476c34e17c0400291a37075897a76,1601719581,candidate_layering,CHR,0x915044526758533dfb918eceb6e44bc21632060d,0,0xeb31973e0febf3e3d7058234a5ebbae1ab4b8c23,0x57d7b1c4510012a09141571072a2fdaf75560513,False,none,,,,
0xeb31973e0febf3e3d7058234a5ebbae1ab4b8c23,0x0000000000000000000000000000000000000000,erc20,65489598.66659244,0x63f39afa051218df8f079033b77d860616d30681f5d7683e6e04c0ff28431c9f,1602096644,candidate_layering,AXPR,0xd5f7d671ba4bfd89d287c81adf886a8bb9029023,0,0xeb31973e0febf3e3d7058234a5ebbae1ab4b8c23,0x0000000000000000000000000000000000000000,False,none,,,,
0xeb31973e0febf3e3d7058234a5ebbae1ab4b8c23,0x0000000000000000000000000000000000000000,erc20,65489598.66659244,0xe964eda8b4be0d92138cbbe97721409bc2c451af59465600861cdda9ff177c01,1602097763,candidate_layering,AXPR,0xd3910072b7167743be1aa505ba423c1a7c1e6e0d,0,0xeb31973e0febf3e3d7058234a5ebbae1ab4b8c23,0x0000000000000000000000000000000000000000,False,none,,,,
0xeb31973e0febf3e3d7058234a5ebbae1ab4b8c23,0xd59371195082b2a6fa9f2c1a280a15d02b72fc11,erc20,1000.0,0x951dd338733f2388a42d51e9efb304b63ba3cdb3744d964ba1157028e8d89ced,1603182689,candidate_layering,DX,0x973e52691176d36453868d9d86572788d27041a9,0,0xeb31973e0febf3e3d7058234a5ebbae1ab4b8c23,0xd59371195082b2a6fa9f2c1a280a15d02b72fc11,False,none,,,,
0xeb31973e0febf3e3d7058234a5ebbae1ab4b8c23,0xc11b690c1eb5ddcd28a4a52176e7778be1d9d663,erc20,70990073.0,0x374454838a4eae6c47e9d69766bb4c9329c184eae96e56d7ff5bf65402284ffd,1603965673,candidate_layering,MWAT,0x6425c6be902d692ae2db752b3c268afadb099d3b,0,0xeb31973e0febf3e3d7058234a5ebbae1ab4b8c23,0xc11b690c1eb5ddcd28a4a52176e7778be1d9d663,False,none,,,,
0xeb31973e0febf3e3d7058234a5ebbae1ab4b8c23,0xd32dbed0609ac3169cc4dd6b781f04cee5ba9550,erc20,10930734.01,0xecb86e6f26d9438ddf0946c62e748d32ba8e5d9f041ec6ef0285f74e062d6609,1604495301,candidate_layering,VI,0xd321ca7cd7a233483b8cd5a11a89e9337e70df84,0,0xeb31973e0febf3e3d7058234a5ebbae1ab4b8c23,0xd32dbed0609ac3169cc4dd6b781f04cee5ba9550,False,none,,,,
0xeb31973e0febf3e3d7058234a5ebbae1ab4b8c23,0xd32dbed0609ac3169cc4dd6b781f04cee5ba9550,erc20,17537352.175,0x73301bb551c6662cae18dcd6fe597bed2cc108473ba3bf68226613775c0a9f57,1604498112,candidate_layering,PLT,0x9fbfed658919a896b5dc7b00456ce22d780f9b65,0,0xeb31973e0febf3e3d7058234a5ebbae1ab4b8c23,0xd32dbed0609ac3169cc4dd6b781f04cee5ba9550,False,none,,,,
0xeb31973e0febf3e3d7058234a5ebbae1ab4b8c23,0xd32dbed0609ac3169cc4dd6b781f04cee5ba9550,erc20,1248313919.45,0xb80189114b9353773dcd2db17a9b9eae27059f57e74a10a74c01a66a09538f18,1604499813,candidate_layering,XYO,0x55296f69f40ea6d20e478533c15a6b08b654e758,0,0xeb31973e0febf3e3d7058234a5ebbae1ab4b8c23,0xd32dbed0609ac3169cc4dd6b781f04cee5ba9550,False,none,,,,
0xeb31973e0febf3e3d7058234a5ebbae1ab4b8c23,0xd32dbed0609ac3169cc4dd6b781f04cee5ba9550,erc20,1774065270.6,0xaad710b67ffba3e257f74ce70a37732d548549791e963bee137fc2fe49456b0c,1604500611,candidate_layering,DX,0x973e52691176d36453868d9d86572788d27041a9,0,0xeb31973e0febf3e3d7058234a5ebbae1ab4b8c23,0xd32dbed0609ac3169cc4dd6b781f04cee5ba9550,False,none,,,,
0xeb31973e0febf3e3d7058234a5ebbae1ab4b8c23,0xd32dbed0609ac3169cc4dd6b781f04cee5ba9550,erc20,8797633.814,0x55522f18a72b79262842d73b7c5e727e863e0e7eebd3c03964897f18a5569579,1604501235,candidate_layering,REQ,0x8f8221afbb33998d8584a2b05749ba73c37a938a,0,0xeb31973e0febf3e3d7058234a5ebbae1ab4b8c23,0xd32dbed0609ac3169cc4dd6b781f04cee5ba9550,False,none,,,,
0xeb31973e0febf3e3d7058234a5ebbae1ab4b8c23,0xd32dbed0609ac3169cc4dd6b781f04cee5ba9550,erc20,26590851.38,0x9fd26a0bf85dc9db52ee414e882ef2178b49f4910ea2043ae1a0111333a38682,1604501886,candidate_layering,DRGN,0x419c4db4b9e25d6db2ad9691ccb832c8d9fda05e,0,0xeb31973e0febf3e3d7058234a5ebbae1ab4b8c23,0xd32dbed0609ac3169cc4dd6b781f04cee5ba9550,False,none,,,,
0xeb31973e0febf3e3d7058234a5ebbae1ab4b8c23,0xd32dbed0609ac3169cc4dd6b781f04cee5ba9550,erc20,2785969.229,0xe5f64336e7a12cac37033b3a714cff088860518b762ba5ac53541c13f0b299db,1604502920,candidate_layering,FX,0x8c15ef5b4b21951d50e53e4fbda8298ffad25057,0,0xeb31973e0febf3e3d7058234a5ebbae1ab4b8c23,0xd32dbed0609ac3169cc4dd6b781f04cee5ba9550,False,none,,,,
0xeb31973e0febf3e3d7058234a5ebbae1ab4b8c23,0xd32dbed0609ac3169cc4dd6b781f04cee5ba9550,erc20,39184358.186,0x19c4def060374d4af57c6683d459bf411e6678b5b707021b001a33daadadd114,1604503044,candidate_layering,CXO,0xb6ee9668771a79be7967ee29a63d4184f8097143,0,0xeb31973e0febf3e3d7058234a5ebbae1ab4b8c23,0xd32dbed0609ac3169cc4dd6b781f04cee5ba9550,False,none,,,,
0xeb31973e0febf3e3d7058234a5ebbae1ab4b8c23,0xd32dbed0609ac3169cc4dd6b781f04cee5ba9550,erc20,189337048.687,0xa33477a2c7edc3d34fc681df04195f127c123ab3a431858ea709bff2e5aa19a8,1604504287,candidate_layering,ADB,0x2baac9330cf9ac479d819195794d79ad0c7616e3,0,0xeb31973e0febf3e3d7058234a5ebbae1ab4b8c23,0xd32dbed0609ac3169cc4dd6b781f04cee5ba9550,False,none,,,,
0xeb31973e0febf3e3d7058234a5ebbae1ab4b8c23,0xd32dbed0609ac3169cc4dd6b781f04cee5ba9550,erc20,11663098665.036,0xc66266a8a361f2c7e99836229f7f95509a19a26ebb0676a0b757dd3fe2c3d4e5,1604504294,candidate_layering,BAX,0x9a0242b7a33dacbe40edb927834f96eb39f8fbcb,0,0xeb31973e0febf3e3d7058234a5ebbae1ab4b8c23,0xd32dbed0609ac3169cc4dd6b781f04cee5ba9550,False,none,,,,
0xeb31973e0febf3e3d7058234a5ebbae1ab4b8c23,0xd32dbed0609ac3169cc4dd6b781f04cee5ba9550,erc20,92768898.519,0xa3e9933daa8dea3ea3f6590b84045f250fe2ca322b71ffc6de680c26ae1a3409,1604506086,candidate_layering,ROOBEE,0xa31b1767e09f842ecfd4bc471fe44f830e3891aa,0,0xeb31973e0febf3e3d7058234a5ebbae1ab4b8c23,0xd32dbed0609ac3169cc4dd6b781f04cee5ba9550,False,none,,,,
0xeb31973e0febf3e3d7058234a5ebbae1ab4b8c23,0xd32dbed0609ac3169cc4dd6b781f04cee5ba9550,erc20,717864.305,0x24ad81e4d8efde442a3de7873fd03ad8061c766ccf7cdb8a49c3068c77b56ef7,1604506312,candidate_layering,CIX100,0x6393e822874728f8afa7e1c9944e417d37ca5878,0,0xeb31973e0febf3e3d7058234a5ebbae1ab4b8c23,0xd32dbed0609ac3169cc4dd6b781f04cee5ba9550,False,none,,,,
0xeb31973e0febf3e3d7058234a5ebbae1ab4b8c23,0xd32dbed0609ac3169cc4dd6b781f04cee5ba9550,erc20,3839435.638,0x5c665cc1fb5b65b80e487c5974a985d125acaa1ffbf0e1ae3af4b179b0469eef,1604506437,candidate_layering,CAG,0x7d4b8cce0591c9044a22ee543533b72e976e36c3,0,0xeb31973e0febf3e3d7058234a5ebbae1ab4b8c23,0xd32dbed0609ac3169cc4dd6b781f04cee5ba9550,False,none,,,,
0xeb31973e0febf3e3d7058234a5ebbae1ab4b8c23,0xd32dbed0609ac3169cc4dd6b781f04cee5ba9550,erc20,34237220.581,0x04d93017c887e11d64e519244a96dbc7d4f5015fc73e50835f2b37100950aeb0,1604506554,candidate_layering,CHP,0xf3db7560e820834658b590c96234c333cd3d5e5e,0,0xeb31973e0febf3e3d7058234a5ebbae1ab4b8c23,0xd32dbed0609ac3169cc4dd6b781f04cee5ba9550,False,none,,,,
0xeb31973e0febf3e3d7058234a5ebbae1ab4b8c23,0xd32dbed0609ac3169cc4dd6b781f04cee5ba9550,erc20,3066372838.23,0x16dcb332c8fab30c1df3d91ac1829f88b9406b6cec4715479db093302fd4a1f9,1604507261,candidate_layering,DENT,0x3597bfd533a99c9aa083587b074434e61eb0a258,0,0xeb31973e0febf3e3d7058234a5ebbae1ab4b8c23,0xd32dbed0609ac3169cc4dd6b781f04cee5ba9550,False,none,,,,
0xeb31973e0febf3e3d7058234a5ebbae1ab4b8c23,0xd32dbed0609ac3169cc4dd6b781f04cee5ba9550,erc20,20572012.161,0x3d1b5d2b4b1cb1bae62b11f4c3d7eadcd867175e15828b9f2242297d5b7f1abc,1604507355,candidate_layering,TRAC,0xaa7a9ca87d3694b5755f213b5d04094b8d0f0a6f,0,0xeb31973e0febf3e3d7058234a5ebbae1ab4b8c23,0xd32dbed0609ac3169cc4dd6b781f04cee5ba9550,False,none,,,,
0xeb31973e0febf3e3d7058234a5ebbae1ab4b8c23,0xd32dbed0609ac3169cc4dd6b781f04cee5ba9550,erc20,7919919.922,0xd44b2891c9c416c5ec3f4246dc5e95c210d8ead11bc67ff09a7785ab4bea101a,1604508951,candidate_layering,JAR,0xa249de6948022783765fee4850d7b85e43118fcc,0,0xeb31973e0febf3e3d7058234a5ebbae1ab4b8c23,0xd32dbed0609ac3169cc4dd6b781f04cee5ba9550,False,none,,,,
0xeb31973e0febf3e3d7058234a5ebbae1ab4b8c23,0xd32dbed0609ac3169cc4dd6b781f04cee5ba9550,erc20,874858868.489,0xcc59fe0a8397caa209c3359c2cbb4f0dfb8991012247017a02967ae4b0e4b6b5,1604508996,candidate_layering,BLOC,0x6f919d67967a97ea36195a2346d9244e60fe0ddb,0,0xeb31973e0febf3e3d7058234a5ebbae1ab4b8c23,0xd32dbed0609ac3169cc4dd6b781f04cee5ba9550,False,none,,,,
0xeb31973e0febf3e3d7058234a5ebbae1ab4b8c23,0xd32dbed0609ac3169cc4dd6b781f04cee5ba9550,erc20,40079444.071,0x315f48d9e088f54bf58d77be490064582e6aac49b599ac24fec393f114569ab8,1604509018,candidate_layering,LYM,0xc690f7c7fcffa6a82b79fab7508c466fefdfc8c5,0,0xeb31973e0febf3e3d7058234a5ebbae1ab4b8c23,0xd32dbed0609ac3169cc4dd6b781f04cee5ba9550,False,none,,,,
0xeb31973e0febf3e3d7058234a5ebbae1ab4b8c23,0xd32dbed0609ac3169cc4dd6b781f04cee5ba9550,erc20,363726.766,0x6f5d10a17073f93b7ae35102ce791c2ea9ac0bb483be9717cceb3fd043a86cb7,1604509018,candidate_layering,PPT,0xd4fa1460f537bb9085d22c7bccb5dd450ef28e3a,0,0xeb31973e0febf3e3d7058234a5ebbae1ab4b8c23,0xd32dbed0609ac3169cc4dd6b781f04cee5ba9550,False,none,,,,
0xeb31973e0febf3e3d7058234a5ebbae1ab4b8c23,0xd6216fc19db775df9774a6e33526131da7d19a2c,erc20,301.87005,0x3f392abc8389e4eaa855ee86283212f1a1b1c81b5dfd83885c730c6c7c865867,1605152482,candidate_layering,PMGT,0xaffcdd96531bcd66faed95fc61e443d08f79efef,0,0xeb31973e0febf3e3d7058234a5ebbae1ab4b8c23,0xd6216fc19db775df9774a6e33526131da7d19a2c,False,none,,,,
0xeb31973e0febf3e3d7058234a5ebbae1ab4b8c23,0x0000000000000000000000000000000000000000,erc20,11062060.9826744,0xcbddc3324e89dc7d820bcf8da3da4744926d0888fd283c38cebaf30307920ad6,1606393133,candidate_layering,ARX,0x7d8daff6d70cead12c6f077048552cf89130a2b1,0,0xeb31973e0febf3e3d7058234a5ebbae1ab4b8c23,0x0000000000000000000000000000000000000000,False,none,,,,
0xeb31973e0febf3e3d7058234a5ebbae1ab4b8c23,0x6e875aa2458eecf978dc826c72804eeed4aeb456,erc20,1000.0,0x78eb8748c45b9516224c0021a99ab29cc5185d1c6395fc3b81b7ec539f0e5a8f,1607588196,candidate_layering,DOCK,0xe5dada80aa6477e85d09747f2842f7993d0df71c,0,0xeb31973e0febf3e3d7058234a5ebbae1ab4b8c23,0x6e875aa2458eecf978dc826c72804eeed4aeb456,False,none,,,,
0xeb31973e0febf3e3d7058234a5ebbae1ab4b8c23,0x6e875aa2458eecf978dc826c72804eeed4aeb456,erc20,10759878.345,0x609cb08f2d8208dadfe5c8530f8b7f1f3b77f327c8ad018bf75fb8018d12b7c0,1607588442,candidate_layering,DOCK,0xe5dada80aa6477e85d09747f2842f7993d0df71c,0,0xeb31973e0febf3e3d7058234a5ebbae1ab4b8c23,0x6e875aa2458eecf978dc826c72804eeed4aeb456,False,none,,,,
0xeb31973e0febf3e3d7058234a5ebbae1ab4b8c23,0x6e875aa2458eecf978dc826c72804eeed4aeb456,erc20,1000.0,0x38c5ba671fea0d5470b49fcb3c39a0969557cbd4f27aad82149871db9a05c716,1607674977,candidate_layering,KEY,0x4cc19356f2d37338b9802aa8e8fc58b0373296e7,0,0xeb31973e0febf3e3d7058234a5ebbae1ab4b8c23,0x6e875aa2458eecf978dc826c72804eeed4aeb456,False,none,,,,
0xeb31973e0febf3e3d7058234a5ebbae1ab4b8c23,0x6e875aa2458eecf978dc826c72804eeed4aeb456,erc20,54836989.36,0x7d98adfb32a9f205ae30524806876d290ac794de0b9ab4424b1d45ea5288f139,1607675196,candidate_layering,KEY,0x4cc19356f2d37338b9802aa8e8fc58b0373296e7,0,0xeb31973e0febf3e3d7058234a5ebbae1ab4b8c23,0x6e875aa2458eecf978dc826c72804eeed4aeb456,False,none,,,,
0xeb31973e0febf3e3d7058234a5ebbae1ab4b8c23,0x6e875aa2458eecf978dc826c72804eeed4aeb456,erc20,1000.0,0xa2198b873b4544dd3eb7f473a0a8a68950ca0f04484ac89cb652b17fcad8aa88,1608104038,candidate_layering,EGT,0x8e1b448ec7adfc7fa35fc2e885678bd323176e34,0,0xeb31973e0febf3e3d7058234a5ebbae1ab4b8c23,0x6e875aa2458eecf978dc826c72804eeed4aeb456,False,none,,,,
0xeb31973e0febf3e3d7058234a5ebbae1ab4b8c23,0x6e875aa2458eecf978dc826c72804eeed4aeb456,erc20,1000.0,0x70732b6b2d5a624cae08ef03787aadb9c528b79c1ed07d28f8bbec00ad9a0903,1608104120,candidate_layering,DATx,0xabbbb6447b68ffd6141da77c18c7b5876ed6c5ab,0,0xeb31973e0febf3e3d7058234a5ebbae1ab4b8c23,0x6e875aa2458eecf978dc826c72804eeed4aeb456,False,none,,,,
0xeb31973e0febf3e3d7058234a5ebbae1ab4b8c23,0x6e875aa2458eecf978dc826c72804eeed4aeb456,erc20,101894188.673,0x94349b29f462c917fd6173d1694cb29144193529bbaf903bf9ac56f70cc8c9bb,1608104366,candidate_layering,EGT,0x8e1b448ec7adfc7fa35fc2e885678bd323176e34,0,0xeb31973e0febf3e3d7058234a5ebbae1ab4b8c23,0x6e875aa2458eecf978dc826c72804eeed4aeb456,False,none,,,,
0xeb31973e0febf3e3d7058234a5ebbae1ab4b8c23,0x6e875aa2458eecf978dc826c72804eeed4aeb456,erc20,105788208.108,0xd21e33456ebfb10ae124463e5065bb704fe2e656ce5ee95ece580255d0855240,1608104446,candidate_layering,DATx,0xabbbb6447b68ffd6141da77c18c7b5876ed6c5ab,0,0xeb31973e0febf3e3d7058234a5ebbae1ab4b8c23,0x6e875aa2458eecf978dc826c72804eeed4aeb456,False,none,,,,
0xeb31973e0febf3e3d7058234a5ebbae1ab4b8c23,0x6e875aa2458eecf978dc826c72804eeed4aeb456,erc20,1197538.303,0xad71fe29b126e6928c5209d3602bce0f6544d68e1fdf3e88d83d0ee6bb495985,1608129448,candidate_layering,VID,0x2c9023bbc572ff8dc1228c7858a280046ea8c9e5,0,0xeb31973e0febf3e3d7058234a5ebbae1ab4b8c23,0x6e875aa2458eecf978dc826c72804eeed4aeb456,False,none,,,,
0xeb31973e0febf3e3d7058234a5ebbae1ab4b8c23,0x6e875aa2458eecf978dc826c72804eeed4aeb456,erc20,7592211.08,0x639fc17e0a4b6cf97a2e83d6c6abb79e6eeed6de41f5721e3c5ed5c21e573541,1608279420,candidate_layering,CAN,0x1d462414fe14cf489c7a21cac78509f4bf8cd7c0,0,0xeb31973e0febf3e3d7058234a5ebbae1ab4b8c23,0x6e875aa2458eecf978dc826c72804eeed4aeb456,False,none,,,,
0xeb31973e0febf3e3d7058234a5ebbae1ab4b8c23,0x6e875aa2458eecf978dc826c72804eeed4aeb456,erc20,39753703.98,0xbf056dbab2915c42df790e01256b9e6d2bc6d7a98f04f388312d97b985bcd3d1,1608299905,candidate_layering,PLAY,0xe477292f1b3268687a29376116b0ed27a9c76170,0,0xeb31973e0febf3e3d7058234a5ebbae1ab4b8c23,0x6e875aa2458eecf978dc826c72804eeed4aeb456,False,none,,,,
0xeb31973e0febf3e3d7058234a5ebbae1ab4b8c23,0x371ba8bac8c0f18c60fd64b7b92ac3d9c5f2d712,erc20,533547.35199999,0x69690ba748d83a0557c69833c2fb2402b0eda7278bacad91cf52d02c49ff8be0,1608710523,candidate_layering,TFL,0xa7f976c360ebbed4465c2855684d1aae5271efa9,0,0xeb31973e0febf3e3d7058234a5ebbae1ab4b8c23,0x371ba8bac8c0f18c60fd64b7b92ac3d9c5f2d712,False,none,,,,
0xeb31973e0febf3e3d7058234a5ebbae1ab4b8c23,0x31de722ba4c157ba5def5587392b00f305763757,erc20,20025143.425000004,0xed71b90532163678fa2ab4d934e46ab6a72680d5548667afe1bd983d54edf4e7,1609161777,candidate_layering,OLT,0x64a60493d888728cf42616e034a0dfeae38efcf0,0,0xeb31973e0febf3e3d7058234a5ebbae1ab4b8c23,0x31de722ba4c157ba5def5587392b00f305763757,False,none,,,,
0xeb31973e0febf3e3d7058234a5ebbae1ab4b8c23,0x31de722ba4c157ba5def5587392b00f305763757,erc20,5508357.69,0x8295f0caab1f16754b70ece2fdab9ff03584337b0a36b393901dd6a9e5cc2587,1609161862,candidate_layering,SPND,0xddd460bbd9f79847ea08681563e8a9696867210c,0,0xeb31973e0febf3e3d7058234a5ebbae1ab4b8c23,0x31de722ba4c157ba5def5587392b00f305763757,False,none,,,,
0xeb31973e0febf3e3d7058234a5ebbae1ab4b8c23,0x31de722ba4c157ba5def5587392b00f305763757,erc20,19939021.341,0x019789880d2f74909511eedbd1033b7f4c39d56a671ce244478117e03b0fdc4c,1609161862,candidate_layering,SYLO,0xf293d23bf2cdc05411ca0eddd588eb1977e8dcd4,0,0xeb31973e0febf3e3d7058234a5ebbae1ab4b8c23,0x31de722ba4c157ba5def5587392b00f305763757,False,none,,,,
0xeb31973e0febf3e3d7058234a5ebbae1ab4b8c23,0x31de722ba4c157ba5def5587392b00f305763757,erc20,16341025.821,0x6ffcb96eb079fffda80353dbed4eb0e538177e58f64ed16db93ccea4eacd39a6,1609161862,candidate_layering,OPENC,0x9d86b1b2554ec410eccffbf111a6994910111340,0,0xeb31973e0febf3e3d7058234a5ebbae1ab4b8c23,0x31de722ba4c157ba5def5587392b00f305763757,False,none,,,,
0xeb31973e0febf3e3d7058234a5ebbae1ab4b8c23,0xb20bae0cd1a1dbcc33977df50cdd6bb379389c6e,erc20,771000.969,0xad83a81e06ff632a4cbf33992c298ac12660783cafbe5b81c121077ff3111c0b,1610519762,candidate_layering,LOC,0x5e3346444010135322268a4630d2ed5f8d09446c,0,0xeb31973e0febf3e3d7058234a5ebbae1ab4b8c23,0xb20bae0cd1a1dbcc33977df50cdd6bb379389c6e,False,none,,,,
0xeb31973e0febf3e3d7058234a5ebbae1ab4b8c23,0x170fdf119d849d18bedd6054429a38a31830490e,erc20,24413829.960583717,0x37eda339bed1b7de50dac78a4254729e9e04af27e01933f2d1f0fb48f7ee0f7a,1614964369,candidate_layering,AMPL,0xd46ba6d942050d489dbd938a2c909a5d5039a161,0,0xeb31973e0febf3e3d7058234a5ebbae1ab4b8c23,0x170fdf119d849d18bedd6054429a38a31830490e,False,none,,,,
0xeb31973e0febf3e3d7058234a5ebbae1ab4b8c23,0x5925a53e9679b98749b74bb1bb4dcf4284251944,erc20,1000000.0,0x02fd27e91d547b9264150969f97197bc18e2f56cc66de4bf61398b8228115943,1629098393,candidate_layering,SYLO,0xf293d23bf2cdc05411ca0eddd588eb1977e8dcd4,0,0xeb31973e0febf3e3d7058234a5ebbae1ab4b8c23,0x5925a53e9679b98749b74bb1bb4dcf4284251944,False,none,,,,
0xeb31973e0febf3e3d7058234a5ebbae1ab4b8c23,0x5925a53e9679b98749b74bb1bb4dcf4284251944,erc20,16939021.0,0xbfb8a7d5f828f9a096bac2787fb6bef58891624e8b6992b275257a5137037cd5,1629098921,candidate_layering,SYLO,0xf293d23bf2cdc05411ca0eddd588eb1977e8dcd4,0,0xeb31973e0febf3e3d7058234a5ebbae1ab4b8c23,0x5925a53e9679b98749b74bb1bb4dcf4284251944,False,none,,,,
0xeb31973e0febf3e3d7058234a5ebbae1ab4b8c23,0xbca8d8e807358747a7935c0434a1e3875b15f813,erc20,1000000.0,0x1a6229d7bbd90d5ff336bacd368552f5c895b58ae8f2e3ba1a43d4f86fc828b5,1629099321,candidate_layering,CSP,0xa6446d655a0c34bc4f05042ee88170d056cbaf45,0,0xeb31973e0febf3e3d7058234a5ebbae1ab4b8c23,0xbca8d8e807358747a7935c0434a1e3875b15f813,False,none,,,,
0xeb31973e0febf3e3d7058234a5ebbae1ab4b8c23,0xbca8d8e807358747a7935c0434a1e3875b15f813,erc20,26203605.4,0xb8ce6643f28e8f1c7eae46f9e9fcc1432e8ef07f9c20a047cd3dd6528d2d5a00,1629100604,candidate_layering,CSP,0xa6446d655a0c34bc4f05042ee88170d056cbaf45,0,0xeb31973e0febf3e3d7058234a5ebbae1ab4b8c23,0xbca8d8e807358747a7935c0434a1e3875b15f813,False,none,,,,
0xeb31973e0febf3e3d7058234a5ebbae1ab4b8c23,0xc6fff797a0c75560ad6d2305233c58411fdbed1c,erc20,1.0,0xf377b534cce4669b7d68731efa5ce373d8aeca64c7684411838aa47b1f8f9368,1679470187,candidate_layering,USDT,0x1153fd2f31be8c68e09c7e3c41b8fb0155a45cc8,0,0xeb31973e0febf3e3d7058234a5ebbae1ab4b8c23,0xc6fff797a0c75560ad6d2305233c58411fdbed1c,False,none,,,,
0xc6f928cf9431b82c8c9a10fe954df44e66cbed1c,0xdf092101010766234f7d261a75de94235270138e,normal_eth,2.0,0xda61c750da7a7bdf03792989e982bbb52d219f6bed192d416e996bc87d8a5fbf,1601085411,candidate_layering,,,1,0xc6f928cf9431b82c8c9a10fe954df44e66cbed1c,0xdf092101010766234f7d261a75de94235270138e,False,none,,,,
0xc6f928cf9431b82c8c9a10fe954df44e66cbed1c,0x9dc2f9c2d944578420cdc8237cf3264d403355f7,normal_eth,1.0,0x8345ecfe602f99b83af3a2629fe08d11c5a2506f5270070d290a32187823d7f8,1601182901,candidate_layering,,,1,0xc6f928cf9431b82c8c9a10fe954df44e66cbed1c,0x9dc2f9c2d944578420cdc8237cf3264d403355f7,False,none,,,,
0xc6f928cf9431b82c8c9a10fe954df44e66cbed1c,0xdf092101010766234f7d261a75de94235270138e,erc20,30000.0,0x2cadd74d2713f4f50e1ebd96669f38582682006ee63fedb1570c22f2fe7dc8da,1601085343,candidate_layering,USDT,0xdac17f958d2ee523a2206206994597c13d831ec7,1,0xc6f928cf9431b82c8c9a10fe954df44e66cbed1c,0xdf092101010766234f7d261a75de94235270138e,False,none,,,,
0xc6f928cf9431b82c8c9a10fe954df44e66cbed1c,0x710da7a06b0c66a18fed27dfa53d937c69ed3b2c,erc20,20000.0,0x69330c8afc651889bc4ec353658c7c79412f3d92e6c1df6d25de8a556a1b404b,1601125956,candidate_layering,USDT,0xdac17f958d2ee523a2206206994597c13d831ec7,1,0xc6f928cf9431b82c8c9a10fe954df44e66cbed1c,0x710da7a06b0c66a18fed27dfa53d937c69ed3b2c,False,none,,,,
